protein,sequence,label
Q5THK1-2,SAPTRLEPETAPTKSLVSHIPKQMSTPCHPLRSLNFR,1
Q5BJF6-9,NERLKASFAPMEDKLNQAHLEVQQLKASVKNYEGMID,1
Q9P2D6-3,NVINALPNTADSLIGRAAHIAVLDSEIFLEKFFLVAA,1
Q9UNA0,LEVSKNAATTLKNFCKWQHQHNQLGDDHEEHYDAAIL,0
H7BZ55,AAMAALMEGLAQDKSALNHLALQLEQERDQLREQRKT,1
Q6P2E9-2,YHLLQQRDSQDASAEQSDHDDEVASLASASGGFGTKV,1
O43295,LPPKPQKMRRPRPLSVYSHKLFNGSMEAFIKDSGQAI,1
Q9NZ43,TNTLAAQSVIKKDNQTLSHSLKMADQNLEKLKTESER,1
Q68DN1,TGPCLQDVKSTKLITKPKHQILETVELTGFQIVKTML,1
Q86VV8-3,KCLKFSTFPWLPLTTTDRHVLSSNESSLRSSNHTLIW,0
O14529,QITLAARLGEAEEKIKVLHSALKATQAELLELRRKYD,1
Q2TAL8,SNPKDKSTSIRYLKALGIHQTGQKVTDDMYAEQTENP,0
O75871,ASIQRDLREQPPPASTPGHGPSHRSTFSAPLPSPRTA,1
Q93050-1,AILLIMEGLSAFLHALRLHWVEFQNKFYSGTGFKFLP,1
Q8WZ42-3,PKAVSPTETKPTPTEKVQHLPVSAPPKITQFLKAEAS,1
Q9Y490,EPGCTQAQVLSAATIVAKHTSALCNSCRLASARTTNP,0
Q07157-2,RAAAAKSTAMEETAIWEQHTVTLHRAPGFGFGIAISG,0
Q7Z407-5,NNLYLNFQSDISVSAAGFHLEYTAIGLDSCPEPQTPS,0
Q96B97-3,RPGALPPRRPERPVGPLTHTRGDSPKIDLAGSSLSGI,1
Q8TBC5-4,YACQGCWKTFHFSLALAEHQKTHEKEKSYALGGARGP,1
Q9H422-2,ILQQVATALKKLKSLGLIHADLKPENIMLVDPVRQPY,1
P48357-5,WMNLAEKIPQSQYDVVSDHVSKVTFFNLNETKPRGKF,1
Q9C099-2,QLDEKSSQLDEVLEKLERHNERKEKLKQQLKGKEVEL,1
Q5T4S7-3,FLRCFLLESNSSSVRWQAHCLTLHIYRNSSKSQQELL,0
Q8N2Z9-2,TTINTEDVKLLARRSNSLHMQEAAGIRKSSLLTFLAW,1
Q6ZSS7,SLGWGLAMLSVGIGIDYTHIEVLIDGKGCKPPEYRNY,0
P45452,TRLHDGIADIMISFGIKEHGDFYPFDGPSGLLAHAFP,0
Q96IV0-3,VRGAVECLFEMGFEEGETHLIFPKKASVEQLQKIRDL,1
Q6ZRV2,DGHQRLDYVPSSASREVRHGSDPAFAPGPRGLEPSGA,1
Q9UJ98-2,PPKTTPVAKHPKKGSRVVHRHSRKQSEPPANDLFNAV,1
O00408-5,SKSVLAALYSSEGSVMERHHFAQAIAILNTHGCNIFD,0
Q92917,AEGDRVMVVLGPQTGRVGHLLSRDRARSRALVQLPRE,1
O60256-4,RRIEESAIDEVVVTNTIPHEVQKLQCPKIKTVDISMI,0
O95747,LSGGSVLDIIKHIVAKGEHKSGVLDESTIATILREVL,1
Q13573,KINKKIPRGPPSPPAPVMHSPSRKMTVKEQQEWKIPP,1
Q5JTV8,KVNFSEEGETEEDDQDSSHSSVTTVKARSRDSDESGD,0
Q9HCZ1,NYPDIDDALEKNKEIQDKHLTQTVFFSNKTLITEREN,1
Q9P2D6-3,YFKNVVLVGSLQDRYVPYHSARIEMCKTALKDKQSGQ,0
Q86TW2-2,LKSVPYGSEEYLQLRSKVHLRSARRLCELCCANRGTF,1
O75953,RAPEPLYPRRKVQDPPVVHELRVSLEEIYHGSTKRMK,1
P15559-3,VLSITTGGSGSMYSLQGIHGDMNVILWPIQSGILHFC,0
Q9Y2X0-5,TKLFLIAISSTLKSLLRPHFLNTPDKSPGDRLTEICT,1
Q9NXC2-2,QKAVKVHGLLKTFVKQTDHIKGIRQITSDDFCTFQMV,1
O94868-3,KATHARNDYLLTLAAANAHQDRYYQTDLVNIMKALDG,1
Q13702,CGESIGEKNSRLQALPCSHIFHLRCLQNNGTRSCPNC,0
Q8IVF4,LALYKNIVQDLPPTPSKFHYIFNLRDLSRVFNGLVLT,0
Q6IQ21,FCQKGFKIQSKLLKHKQIHTRNKAFRALLLKKRRTES,1
Q5QGS0,NMKYGEQLLSDQLLGFPLHKSRAGDRRETEKPDIDLE,0
O60346,QRKLGTAGQKLGGAAVLCHIKHDPVDPGGSFTLTSAN,0
Q96I24,AKRLLGQIVDRCRNGPGFHNDIDSNSTIQEILIPASK,0
Q8IZL2,SKVMANYMYKAGPSAQGGHLDVLMQQKPQDLSRSFIN,1
Q9HC10-4,NDPINVLVRVYVVRATDLHPADINGKADPYIAIRLGK,1
Q96KG9-5,RDPFAPSRVAGVLGFAATHNLYSMNDCAQKILPVLCG,0
O43149,KYPVLKDVMDFIKDQSLSHRSVVKVLSLRKAQAQSIL,1
Q9BTU6,VRVAAAAGSGPSPPGSPGHDRERQPLLDRARGAAAQG,1
Q6ZS81-5,AGKPLPGKDVSTPVSLPGHPQPFFYSLQSLRPSQVTV,1
Q9Y473,NQCRKVCGHKQSLKQHQIHTQKKPDGCSECGGSFTQK,1
Q96RL7-4,SGREEAKDSKQNGGLIPVHSLNLLLKSIGATLTDVQD,0
O75564,EGSSSEEELEAECFPVKPHNKSFAHILELVKEGSSCP,1
Q9HD43,VGKNGINSSRETRNATTAHNPVRNLRVEAQTTSSISL,1
Q14684-2,TASLKKRKKMRVMSNLVEHNGVLESEAGQPQALGSSG,0
A2RUS2-2,AEQAPELMRLISEILDKPHEASKLDDHVKKFKLPKKH,1
Q15911-2,QLIPYQCDQCKLAFPSFEHWQEHQQLHFLSAQNQFIH,0
Q9Y6J0-2,QRLSFDSATFMESEKQDVHEFLLENLTNGGILELMMR,0
A6NMZ7,PNLRRNKVIFVISAGETSHLDGEILKKESLRAKCQGY,0
Q9UNY4,DQACDRIYRVGQQKDVVIHRFVCEGTVEEKILQLQEK,1
P57103-2,EEEEAKRIAEMGKPVLGEHPKLEVIIEESYEFKTTVD,1
Q9Y4A5-2,QMVKGMLQLLSNCPAETAHLRKELLIAAKHILTTELR,0
Q9H422-2,DPVRQPYRVKVIDFGSASHVSKTVCSTYLQSRYYRAP,0
Q8NCG7-2,ILSQAFSIAPEYRLVIVGHSLGGGAAALLATMLRAAY,1
Q8WZ42-3,QGGKYKLSEDKGGFFLEIHKTDTSDSGLYTCTVKNSA,0
A0A096LP49-2,QGSCASLGTSAPSSASRLHKASTLMLRRKGQEAKNPP,0
Q96KA5-2,YIFLHHAGVLPWHDGKQVHLVSPLTTYMVPKPEEINL,1
A8MVZ5,RTTFMSDHVARGKAMVRSHRVTTFDNRTYCCRFKDGV,1
Q5T4S7-3,AGPGSVSSSTGAISTTTGHQEGDGSEGEGEGETEGDV,0
Q9P2D6-3,CKTALKDKQSGQIYSEMIHNLLRPVLQSKDCNLVRYN,0
Q06481-5,LPTNDVDVYFETSADDNEHARFQKAKEQLEIRHRNRM,0
Q8N4C6-6,QVKLEEEKTHLQEKLRLQHEMELKARLTQAQASFERE,1
Q9H0C1,YLIEFCYTIAQKYLFEGKHEDAVPAALQSLRFRVKLY,1
A8MQT2-2,QDNPTAQPVLQLLGEMQDHQEHPGLGSNCCVPCFCWA,0
Q8IWR0,AVTKPSSSVTPRHPLEGTHELRQACQICFVKSGPKLM,1
Q15884-2,ICQMLSMLSFVVCAFRYRHMFKRGWPMGTCCLFLPTA,0
P20929-4,NMDKRLYTEKWNKDKTTIHVMPDTPDILLSRVNQITM,0
Q969T7-2,HYYPIEIDPHRTVKEKLPHMVEWWTKAHNLLCQQKIQ,1
O15042-2,KTPGGSQKASSKTRSSDVHSSGSSDAHMDASGPSDSD,0
O43293-2,RLLVKDPKRRMTIAQSLEHSWIKAIRRRNVRGEDSGR,1
Q86UU0-4,MAGSGMGQSMEMERMMQAHRQMDPAMFPGQMAGGEGL,0
Q9UPT8,SDPRLARALPTSKPEGSLHSSPVGPSSSKGSGPPPTE,1
Q8NF91-7,VDKPDEKSIMTYVAQFLKHYPDIHNASTDGQEDDEIL,0
Q9H4Y5-3,PYERARQKMLLELFCKVPHLTKECLVALRCGRECTNL,1
O75592-2,MGSINKNKVLSMLKEPPLHEKCEDGKTETTFEMSMHN,0
P51665,DIKDTTVGTLSQRITNQVHGLKGLNSKLLDIRSYLEK,1
O75582-2,DPKKRLGCGPRDADEIKEHLFFQKINWDDLAAKKVPA,0
P45452,VQGIQSLYGPGDEDPNPKHPKTPDKCDPSLSLDAITS,0
Q9Y6X6-2,LSQNLLFVMKTSENVVINHLFQSKLSQTGSLVSAYPS,1
O60346,PIEGVFTNGSRVEVEVDIHCSRAKEKEKQQHLLQVPA,0
Q8TER5-2,KLEGQGPATLYQEVDEAIHQLVRLSNLHVQQQEQRQC,0
P43354-2,IDISAFSCIAALAMVTERHGLKEPKRVEELQNKIVNC,1
Q9UNA0,YSFFVPKKSTPKVNSVTSHGSNKVGSHTSQPQWVTGP,0
P07202-5,GKQMKALRDGDWFWWENSHVFTDAQRRELEKHSLSRV,1
P49368-2,TAVETAVLLLRIDDIVSGHKKKGDDQSRQGGAPDAGQ,1
Q99570,TRLCVFFGRQKANDVLLSHMITFLNDKNDWHLRGAFF,0
O43242,FGEKFQADGTYTLIIRLRHNVIKTGVRMISLSYSRIS,1
A6QL64-3,KHRLLLEEDNKMLVNELNHSKEKECQYEKEKAEREVA,1
Q8NCE2-3,TPLFISLLRLSLWADGLIHTSLKPTEILYLTVAYDWF,0
P48357-5,VIYFPPKILTSVGSNVSFHCIYKKENKIVPSKEIVWW,0
O95425-4,ESARNSPELASESVTQRRHQPAPVHYVSFQSEHSAFD,0
P46379-4,QTHLPSGASSGTGSASATHGGGSPPGTRGPGASVHDR,1
Q9UGI8-2,KKQLAKQLPAHDQDPSKCHELSPREVKEMEQFVKKYK,1
O60759-2,KSRKGSVRKQLLKFIPGLHRAVEEEESRFXXXXXXXX,1
Q9UKZ4,DGKIWSYTYLEKSVMLLLHSQRRYIFEYDQPDCLLSV,0
A8MVX0,TSPAGSSSAYKLEAAAQAHGKAKPLSRSLKEFPRAPP,1
P50213,VNIVTIRENTEGEYSGIEHVIVDGVVQSIKLITEGAS,0
Q5XPI4,LLRLYRFSPIVPDLGLQIHYLRLTIAILRHEKSRKFL,0
Q8WVF1-4,YQVLLCPRPKDVLLVTFNHLDTIKGFIRDSPTILQQV,1
Q6ZS81-5,IQRFKEVEKTEGDMTVQCHYYTHYSSAIIVASYLVRM,0
Q8IYD8-2,IGQIELRSEDSPDILTYSHERKVEKLIVPLGEELAAI,0
P27816-4,HSGASKHSVEKVTELAKGHLLPGVPVEDQSLPGEARA,1
Q9Y6X6-2,LSGERGSGKSEASKQIIRHLTCRAGASRATLDSRFKH,0
Q9H2K2,ADVTRIKKHLSLEMVNFKHPQTHETALHCAAASPYPK,0
P01133-2,YYCTCPVGFVLLPDGKRCHQLVSCPRNVSECSHDCVL,0
Q96SN8-4,KQKGELVHFVQTNSFSKPHDELKLSCEAQLVKAGEVP,0
P19823,QFELHYQEVKWRKLGSYEHRIYLQPGRLAKHLEVDVW,1
O15050,PLIPSIGNTVALLEFQFIHCGVVLARLWKNVILCLPK,0
Q969X6-2,SAGKVQFWDSATGTLVKSHLIANADVQSIAVADQEDS,0
Q9P225-2,GISKQLVKKGVKHVESILHLAKSSYLAPFMKLAQQIQ,1
Q14997-3,RILEKLKPLMDVDEEIQNHVMEENGIGEEDERTQGIK,0
O14863,VVVADDGSEAPERPVNGAHPTLQADDDSLLDQDLPLT,0
Q92769-3,MLPHAPGVQMQAIPEDAVHEDSGDEDGEDPDKRISIR,1
Q6ZRV2,RFLATEGAPDFLCPEELEHVSRHLRPPQYVTREPPEG,0
Q92806,FVKISQPNKRAATLVFSSHAVVSLRDGRLCLMFRVGD,1
Q3SXZ7,NIFVKSLQSVQKVIISDKHCFELYGYDILIDQDLKPW,0
Q16539-5,GCIMAELLTGRTLFPGTDHIDQLKLILRLVGTPGAEL,1
Q9UHK0,FHASTSWYWRQSSDRFPRHQKSFNPAVKNSYYPRKYD,1
Q14739,SISRYNGEPEHIERNDAPHKNTQEKFSLSQESSYIAT,1
P46013,GRGIECDIRIQLPVVSKQHCKIEIHEQEAILHNFSST,0
O95744,AKLTEPAKAIKPIDRKSVHQICSGPVVLSLSTAVKKI,1
Q9H3S7,KDWKKLVQMKIYYFAAVAHLHMGKQAEEQQKFGERVA,0
Q86UU0-4,AAAQSPMGMNLPGQQPLSHEPPPAMLPSPTPLGSNIP,0
Q9Y4A5-2,LGKFGGSNRKMLKESQKLHYVVTEVQGPSITVEFSDC,0
P78344-2,ASRFSASSGGGGSRGAPQHYPKTAGNSEFLGKTPGQN,0
O95622-2,DYEVEPGCGGERNAYLKEHSIETFLILRCTQKRKEEK,0
Q8N7C3,SSMFRVLQRHLTLDPETAHPCLALSEDLRTMRLRHGQ,1
Q13162,GQVYPGEASRVSVADHSLHLSKAKISKPAPYWEGTAV,1
Q8WZ42-3,RISAAKVAEPPQRPASEPHVVPKAVKPRVIQAPSETH,0
Q8NF91-7,SNNLCLQREEDLQRTRDYHDCMNVVEVFLEKFTTEWD,0
Q9UPN7,VVNWLNEEKIVQRLIEQIHPSKDENQHSNASQSLCDI,1
Q9Y6V0-6,FSSNDFLGEVLIDLSSTSHLDNTPRWYPLKEQTESID,0
Q7L576,GLQVLMGRMESVFNHAIRHTVYAALQDFSQVTLREPL,1
Q5T280,DKNLEPGLRVTVRLNQQQHPDCKTYHGKVVSSQDPRT,1
Q8TCU4-3,LDQNNSHFKVWNSLQLKSHSPFQNFIPDEFKISKGLR,0
Q96ST2-2,NQKKPALKKLTLLPAVVMHLKKQDLKETFIDSGVMSA,1
Q96N23-2,ETLRDFIFKNPAISEMVAHERNRRTSVRKAAQRYLMD,0
Q03001-8,AAQAASPQVPATTTPKILHPLTRNYGKPWLTNSKMST,1
Q8NDH2,KSGPGVMLSKSPSRSSPLHLNVNTGFQEESIPILTRP,0
Q9H3S7,LRRGAAAADLLSSSPESQHGGTQSPGGGQPLLQPTKV,1
Q8IYD8-2,NGISAIQQGDKNKKFVYSHPKLKKLEEVVIEHFKSWN,1
Q8TDJ6-2,IIELDAITNQCGSNTQLLHVFQEDFIIGYKPHKEDME,0
Q6P5Z2,KEGVENLRRVATDRRHLGHVQQLLRSSNRRLEQLHGE,1
Q8N1G2,QLLLCQFLMALSIVRTGGHFICKTFDLFTPFSVGLVY,0
Q96RW7-2,VKEPEAGMWTVKTSSSGRHSVRITGLSTIDFRAGFSR,0
Q63HM1,DPTCRVLVVVGQFDSPEFHRQSWEFYQTLCQGEWKAS,0
O60673-2,QQEQLVKICKNCTGCFDRHIPCVSLNCPVLFKLSRVN,0
Q5S007,LLQLVRENQLQLDENELPHAVHFLNESGVLLHFQDPA,0
Q5T3J3-2,AQGRNDKKDSQGRSNKALHLKSDAEFKKIFGLTKDLR,1
P22455-2,YPQQAPYWTHPQRMEKKLHAVPAGNTVKFRCPAAGNP,1
Q06481-5,VIVISLVMLRKRQYGTISHGIVEVDPMLTPEERHLNK,0
P01019,ILCLLAWAGLAAGDRVYIHPFHLVIHNESTCEQLAKA,0
Q13489,TCKVCMDKEVSIVFIPCGHLVVCKDCAPSLRKCPICR,1
Q6ZMW3-2,GDIYVWKGLNLVRTIQGAHSAGIFSMYACEEGFATGG,0
Q9P2H0,STNLSCFDEDKLAFSKTQHINNWLTNLDASNTQNVTA,0
Q5S007,VEVWDKKTEKLCGLIDCVHFLREVMVKENKESKHKMS,0
Q15811-4,KLQEIDIFNNQLKELREIHNKQQLQKQKSMEAERLKQ,1
P20929-4,GSVFDYDPAEDNIQSRSLHMINVQAQRRSREQSRSAS,1
O43670-3,FDDEKILIQHQKAKHFKCHICHKKLYTGLPPVPGAPG,1
Q92624,SLQLAKKAFGEFNVQTAKHYGNLGRLYQSMRKFKEAE,1
Q9UKE5-8,LKEEWIAYICREILRGLSHLHQHKVIHRDIKGQNVLL,1
P07202-5,PGFLYNGFPLPPVREVTRHVIQVSNEVVTDDDRYSDL,0
P54277-4,TSLSTPERSFIFINSRPVHQKDILKLIRHHYNLKCLK,1
O60885,AASVVQPQPLVVVKEEKIHSPIIRSEPFSPSLRPEPP,0
Q92917,DQPQGLVPGGAVVVLSGPHRGLYGKVEGLDPDNVRAM,0
Q9Y4A5-2,SLSLVEIYKQRCAKKGIEHDNPISRYYDRLATVQARG,1
Q5SRE5-2,KKVYSFLDKMSFYNELYKHKPHDVISHEDGTLWRRQT,0
Q96PN6-3,EIVAYVAETLVFNKLIMGHLDLAIELGSRALQMWALL,1
Q9UKP5-4,LVVADKMMVGYHGRKDIEHYILSVMNIVRLPNFTVIP,1
Q8IVF4,LPIQVDKVVQMFETMLTRHTTMVVGPTRGGKSVVINT,0
Q8NF91-7,QLAGNGLDVESAEENLKSHMEFFSTEDQFHSNLEELH,0
Q13634,EELKYRRDIRPEVKLTPRHQTSSTLESIDVQEFIKQR,1
Q5TG30,EHRLDPDAYLLDLYRANPHGEWVLKQNPTXXXXXXXX,1
Q92878-3,ALDEPTTNLDRENIESLAHALVEIIKSRSQQRNFQLL,1
P07202-5,SNSSTLDLASINLQRGRDHGLPGYNEWREFCGLPRLE,0
Q96EX2-2,LQKGLPFILILLAKLCFQHKLGIAVCIGMASTFAYAN,1
P20929-4,GTAIGKTPEMMRVKQTQDHISSVKYKEAIGQGTPIPD,0
Q63HR2-5,KIFGFVAKKPGSPWENVCHLFAELDPDQPAGAIVTFI,0
O60346,CGTCLIVSSVKDSLTGKMHVLPLIGGKVEEVKKHQHC,1
Q9NSI2-2,QKHREERRRRATVVVGDLHPLRDALPELLGLEAGSRR,1
O60673-2,RLSESPVFMDSSPDEALVHLLAGLESDGYRGERNRMP,0
Q5JTN6,LCYSASGLLASGSWDKTIHIWKPTTSSLLIQLKGHVT,1
Q9H2K2,LHNACSYGHYEVTELLVKHGACVNAMDLWQFTPLHEA,0
Q14997-3,DDRVLPLRAIRFFVENLNHDAIVVRKMAISAVAGILK,0
Q3SXZ7,ASIRFKTTLMNTLMDVLRHRPGWVEVKDEGEWDFYWC,0
Q6P5Z2,LYLPQEPTSEETPRTKRPHMEPRTRRGPSPPASPTRK,0
P13612,LLDVSSLSRAEEDLSITVHATCENEEEMDNLKHSRVT,0
Q8IYB3,PPPKRRASPSPPPKRRVSHSPPPKQRSSPVTKRRSPS,1
P68133,GDEAQSKRGILTLKYPIEHGIITNWDDMEKIWHHTFY,1
Q2M3G0-1,VQAALEKASKGRTTIVVAHRLSTIRSADLIVTLKDGM,0
Q14689-5,DEGSLRRPGRLTSTPLQSHSSVEPWLDRVIQGSSTSS,0
P22455-2,VALGQPVRLCCGRAERGGHWYKEGSRLAPAGRVRGWR,0
P82094,NMVAKLNKKVKELEEELQHLKQVLDGKEEVEKQHREN,1
Q9NS87-4,IHAETLKIITTPTKAYQLHSRPVPKLSPEMGSFGSLY,1
P46199,VQKGQLEKQKKFKLTRNGHVIWKGSLTSLKHHKDDIS,1
Q9Y6J0-2,SHKTQTKEAQEAEAFALYHKALDLQKHDRFEESAKAY,1
O95425-4,RTQPITSAERKESDRCTSHSETPTVDDEEKVDERAKL,0
Q9C0G6-4,ACAPPGGGRNPVTPRFIRHFSMLCLPMPSEHSLKQIF,0
Q16620-6,LVAVKTLKDASDNARKDFHREAELLTNLQHEHIVKFY,1
Q9Y4A5-2,CQGAMLPSITNVINLADSHDRAAFAMVTHVKQEPRER,0
Q16539-5,DDHVQFLIYQILRGLKYIHSADIIHRDLKPSNLAVNE,1
O15031,WKTNSLPLRFWVNILKNPHFIFDVHVHEVVDASLSVI,0
Q92574-2,QLLLLHNQLLYERFKRQQHALRNRRLLRKVIKAAALE,1
Q13459-2,EELPRGASTPSEKLYRDLHNQMIKSIKGLPWQGEDPR,1
Q5XPI4,LVRLWRGCGFGYRYTRLPHLLKTKLEDANLPSLQKPC,1
P20941-2,KQFLETIEKELKITTIVVHIYEDGIKGCDALNSSLTC,1
P50440-3,VKANTYEKYWPFYQKQGGHYFPKDHLKKAVAEIEEMC,1
Q2YD98,AEIRLSAFQIVEELFVRSHQFRMLVVSNFQEFLELTL,1
Q5JSZ5-5,SVPGGPKSWAQLNGKPVGHEGGLRGSSRLLSFSPEEF,0
Q5T447,ELRRGACVRTTGEELCNGHGLWVKLTKEQLAEHLGDC,1
O15068-5,TEKKDKAKEDLRLALKEGHSVLESLRELQAEGSEPSV,1
O75747,PLVLGSAPGWDERTVSEMHTILRRWTFSQPLEALGLL,0
Q8IY18,EQTLPQEYQTQVPTIPNGHNSSLPMVFQDLPNTLDEI,0
Q7Z7A1-2,QFSEEKEQENSELHAKLKHLQDDNNLLKQQLKDFQNH,1
Q008S8,KPRCQPRLSQTVRERVGLHEALEKQLVLTSLETLPKR,1
O75569-3,MKTKNIPVYECERSDVQIHVPTFTFRVTVGDITCTGE,1
A6NMZ7,RAMRFISRNVFKRTLPGAHTRKIATFFSSGQSADAHS,1
O60673-2,TTRGAFENKTPTDGFIDCHFGDGTLETEQSFGLYGNK,0
Q68CP9-3,GVLICEYVDQDSYREIICHLTLPDVLLVISTLEVLYM,0
Q9C0D2,SDDNHLASEDTSAKQSGEHLEKDLGRRSSKPPVAKVK,0
Q9P2D8-2,RESSSAPTLDAGVPETSSHSSISTQYRQMKRGSLGVL,0
Q9P2L0-2,LIEKVGIKDASQFIEDNPHPRLWRLLAEAALQKLDLY,0
Q9ULM3,LVNDILRQALAVGYQTASHNRIPKEITVSNIHQAICN,1
Q9Y6V0-6,QGLPKTICPLCNTTELLLHVPEKANFNTCTECQTTVC,0
Q8NCT3-4,REERNRPLILSSLIIKKLHWPEQELAKKSILNAEDSL,1
O00186,SCSKSIRRCKEINISFIPHESQVYTLDVPDAFYYCYS,0
Q8WZ42-3,SCKLTWEPPEFDGGTPILHYVLERREAGRRTYIPVMS,0
Q8IZJ3-2,YYEVAARGNIVLSGQQPAHTTQQRSKRAAPALEKPIR,0
Q8WUU4,PTCPVCKKTLSSFSNLKVHMRSHTGERPYACDQCPYA,1
Q9HB63-3,KYSYVLKIKILSAHDKGTHVEVNVKIKKVLKSTKLKI,1
O60423-3,GAICLYTKGADTVIFERLHRRGAMEFATEEALAAFAQ,0
Q9NQR4,TCAVFGPDGTLLAKYRKIHLFDIDVPGKITFQESKTL,1
Q8TAQ2-2,LEEFSKMKEEVPTALVEAHVRKVEEAAKVTGKADPAF,1
O60330-2,KYPELVLKRALDREEKAAHHLVLTASDGGDPVRTGTA,1
Q92547,SLETEITNGINLNSDTAEHPGTRLQTHRKTVVTPLDM,0
Q14CX7-2,LRIRSLTLRLISGLPSLNHPVEPKNSEKTAENGVSSR,1
Q96RL7-4,LRLDNELGGIIAEVNLAEHSTVITFLDYHDGAATFLL,0
A6NKP2,CSLPPLLTRSEVRSVAVTHTFQIAKARAQLGYAPDKF,1
Q8WZ42-3,ECEVANPDSKGEWLRDGKHLPLTNNIRSESDGHKRRL,0
Q2M3W8-2,ESPTADSVYKYNIFRSTFHSKSTLSEPQKISAEGNSH,0
Q5XPI4,AAASLPTSEEDLCPICYAHPISAVFQPCGHKSCKACI,0
P11216,RGLAGLGDVAEVRKSFNRHLHFTLVKDRNVATPRDYF,0
Q8N841-2,SELLTKLQLSGKLSFFPAHYNPKLGMNNLSQNPSLPG,1
P35219,RLSPNYVVCRDCEVTNDGHTIQVILKSKSVLSGGPLP,1
Q8IWR0,LRALVRNLFNEGNDVYREHDWNNSISQYTEALNIADY,0
Q8NDH2,PQVKSSEVKIVADSTNAEHLLPICEATKAISESQVKN,0
Q9NYF8-4,GSVGNGSSRYSPSQNSPIHHIPSRRSPAKTIAPQNAP,1
Q96EF9,TNFAMKRDVQEGQARCLAHLGRHMEALEIAANLENKA,0
Q9Y6A1-4,HVSNTLRPLTYGDKSLSPHELKALRWKDSWDILIRKH,1
O15031,PTFENFTGGVKKQVNKLIHARGTNLNKAMTLQEAEAF,0
Q8NF91-7,EQRVPVMDAQYKIITKTAHLITKESPQEEGKEMFATM,0
Q7L2Z9,TAASKRKTWQPLSKSTRDHLQTMMESVIMTILSNSIK,0
Q96RL7-4,TYNNVLQLIKVNFSSLDIHLHTEALLNTINYLHNILP,0
Q9H0E3,TTNVQMSIIRSNAPGPPLHIGASHLPRGAAAAAVMSS,0
A8MXY4,YKCEECGKAFQWSSKLTLHKVIHMERNPANVKNVAKL,1
Q13459-2,EQFCINYANEQLQYYFNQHIFKLEQEEYQGEGITWHN,0
Q12888,VISIDSPQKLAILDQELEHKEQEAWEEATSEDSSVVI,0
Q9C0D2,PLRVSISREQSFFGSPLAHDPFSCLQLVGQENVCGDD,0
Q99570,VGPSDDTPRRGPESLPVGHHDIITDVATFQTTQGFIV,0
Q7L2Z9,ILALIPNQNALLKDLDILHNSSQMKSMSTFIEEAYKK,1
P49914-2,MARSRLTATSVSQVQVIAHSEYQKSKRISIFLSMQDE,1
P21580,CHQRSKSDPSRLVRSPSPHSCHRAGNDAPAGCLSQAA,1
O94933,TVGFVDCLYGTVPKLKELHVHPPGMQYPDLQQDARLK,0
O75533,PGATPKKLSSWDQAETPGHTPSLRWDETPGRAKGSET,1
O43593-2,SRVENLAASLPLPEYCALHGKLNLASYLPPGLALRPL,0
Q9NYT6,LTCVERGKGFCYSPVLPVHQKVHVGEKLKCDECGKEF,1
Q8TC44-2,AYRYVGHKDVVTSVQFSPHGNLLASASRDRTVRLWIP,1
Q9HC10-4,ELENMGQQARMLRAQVKRHTVRDKLRLCQNFLQKLRF,0
P78346-2,LRAGSDLKALRGLVETAAHLGYSVVAINHIVDFKEKK,0
Q13634,TLTIRVCACERDGRVRTCHAEAFLSSAGLSTGALIAI,0
H7BZ55,ELGEPRRPLRSPQRATSPHQGASPPHICSPATLDPAL,0
O14757-3,KTYLNPWKKIDSAPLALLHKILVENPSARITIPDIKK,0
Q92597-3,RSHTSEGTRSRSHTSEGAHLDITPNSGAAGNSAGPKS,1
Q5SQI0-7,GHGRELFQYMLQKERVEPHQLAIDRPSQKLLKFLNKH,1
Q9NW81-2,WASLRLVAPMWNGRIRGIHRLGAAVAPEGNQKKKRTI,1
Q9C0D2,HRQMIRNYQHQLLQQNRLHRQSVETARKQLLEYQTML,1
Q6ZS81-5,PISQFVEIMPLKPAPVQEHFFQLLEALVFELHYVPHE,0
O75871,DVLLLACNISETIQAYYWHKGKTAEGSPLIAGYITDI,0
A6NL88,EAYLKRRPLELPRGTLPLHALRRPGTGGGYRMEAWGG,1
O00444-3,PWGYQNRTLRSITSPLVAHRLKPIRQKTKKAVVSILD,1
Q5VV52-3,KPWQKVTVRARELGDPIAHPRHEADEKPFICAQCGKT,1
Q5JSZ5-5,SPDEALPGGLSGCSSGSGHSPYALERAAHASADLPEA,1
Q15413-3,VHPTCSGSSIEEGYLLGGHVVRLFHGHDECLTIPSTD,0
Q96GP6-2,KLPRIPLRRQKLPKVVVAHHDLDNTLNCSFLEPPSGL,0
Q9NYF8-4,SDAPMLSTVHSAKNTPSQHSHSIQHSPERSGSGSVGN,1
Q9Y4A5-2,MLDSLRIYLLQYATLLVEHAPHHIHDNNKNRNSKLRR,0
Q9Y4A5-2,FAIHKKIVLQVFHSLLKAHAMEARAIVRQAMAILTPA,0
Q68EM7-2,PPSLSPKPPTRSPSPPTQHTGQPPGQPSAPSQLSAPR,1
O94913,DPAWPIKPLPPNVNTSSIHVNPKFLNKSPEEPSTPGT,0
P35670-2,CGMIAIADAVKQEAALAVHTLQSMGVDVVLITGDNRK,0
Q14315-2,RQMKLENVSVALEFLEREHIKLVSIDSKAIVDGNLKL,1
Q13542,SRAIPTRTVAISDAAQLPHDYCTTPGGTLFSTTPGGT,1
Q8TCU4-3,LETTAQRGSGDDQKTESWHCLPQEMDSSQTLDTSQTR,0
Q96M96-3,TPGRHGLTTTPQQKLLSQHLPQRQGNDTDKTQGAQTC,1
Q8TC44-2,GSDQTVKVWDVRVNKLLQHYQVHSGGVNCISFHPSGN,0
Q63HK3,EVTTTRLPAGSQEPVKDVHVARGFSYRKSVHQIPAQR,0
Q9ULD2-2,FGHEKSSSDFISKQVLDMHKDSICQCPALVGTEKPKY,1
Q86W28,VIFCIPAWTRITSFSPTPHPPDFTGKSDCLSQINPXX,0
Q96AT1,PTVETKRIQPQPPDEDGDHSDKEDEQPQVVVLKKGDL,1
P48357-5,LMSVQPINMVKPDPPLGLHMEITDDGNLKISWSSPPL,0
O60673-2,PPLARIFSLIGIDVFSWYHELPRIHKATSSSRSEPEG,1
Q8N9Y4-2,VPSLGLWRKSPAFPGELAHLCKDVDGLGQKVCRPVVL,1
Q8NEQ5-2,TLLLIAFIFLIIKSYRKYHSKPQAPDPHSDPPAKLSS,1
Q9Y6J0-2,ADPSPPVVNELYYLLADYHFKNKEQSKAIKFYMHDIC,0
P42345,AVQPQQSNALVGLLGYSSHQGLMGFGTSPSPAKSTLV,0
Q9Y6J0-2,IQDKLNSNELKSDGPIWKHATPVLNCFRRALEIDSSN,0
Q562E7-4,EELRSLVLDWVHGRISNFHYLMQLNRLAGRRQGDPNY,1
Q8NHH9-2,HQGLWRRRRTSDPSAAVNHVSSTTSLGENYEDDDLVN,1
Q15573-2,PRSKLISVLKILYQIVPSHKLMLEFHTLLRKSEKEEH,1
Q5JNZ3,VAVNFTNREWQCLTYAQRHLYKDVMLENYGNMVSLGF,0
P06732,PSGFTVDDVIQTGVDNPGHPFIMTVGCVAGDEESYEV,0
Q9Y6N7-6,GLKVARRQMQDAAGRRHFHASQCPRPTSPVSTDSNMS,1
P06731-2,RNDVGPYECGIQNKLSVDHSDPVILNVLYGPDDPTIS,0
Q9Y2E4,LYVVGALDEAMELRGMRYHPIDIETSVIRAHKSVTEC,1
Q9Y6V0-6,NQPLMIAPVSTDNTFAVSHLGSKYNSLDLRIGLEERS,0
Q8N205-2,DMLESGLGHQKRLARHQRHSLLRKPQDKKRQASPHLQ,1
Q96K12-2,TRQLLLMASQMPKLEAFIHISTAYSNCNLKHIDEVIY,1
Q8WXI9,DPADERDDVLAKRLKMEGHEAMERLKMLALLKRKDLA,1
Q13617,MYLQAAIVRIMKARKVLRHNALIQEVISQSRARFNPS,1
Q9UI17,PPGFGKELFESDLDRIMEHIKAAMEMVPVLKKADIIN,1
Q5XG92-2,DIVQDATFVYATLQTAHYHRGLSMGKEKALSLQMMKY,1
Q5VVP1,TSEDVHGFEAPGTSKSSLHPRVSVSQDPRKLCLMEEV,1
O43929,GVQVQYKHLSELLKRTALHGESNSVLIIGPRGSGKTM,1
Q01970-2,IASILSEVAPTPLDELRGHKALVKLRSRQERDLRELR,0
Q8WX93-3,NEAGIVSCTARLDVYTQWHQQSQSTKPKKVRPSASRY,0
Q7Z5J4-2,VAGKLFGLQEAMKVAVDMHGGTVALAPGDFSLPGLRF,0
Q8IVF4,PLSKNDRKKYNTVLIIDVHARDIVDSFIRGSILEARE,1
Q9GZT8-3,TSRPIHPSKAPNYPTEGNHRVEFNVNYTQDLDKVMSA,1
Q8TDJ6-2,HLNDLACHSVLPLLLTSSHHNALLTPELDCQWDSDNK,0
Q9UK12,THTGERSYNCDNCGKSFRHASSILNHKKLHCQRKPLK,1
Q03001,CIGNLKSELLLNILKQDQHSQKITGVFELMRELTHME,0
P46199,VDGSVEAILNIIDTYDASHECELELVHFGVGDVSAND,0
Q04759-3,GFFALHQRRGAIKQAKVHHVKCHEFTATFFPQPTFCS,1
Q96N23-2,SKRKKSRVPPPPILLSRTHCSVTLKPAPFTSEVKVSW,0
Q9P2L0-2,DTCVHLNQWNKAVELAKNHSMKEIGSLLARYASHLLE,1
O94979-4,FGTGQPLPPLQIPQQTAQHSIVLPLKKPPKWIRRPVG,0
Q9ULJ7-2,TGGGDMQPSLRGLPNGPTHAFSSPSESPDSTVDRQKS,1
Q9Y2E4,TTSTTSSSSTQSGGSGAAHRLADVMAQTHIENHSAPP,0
Q9UBX3,VRMQNDVKLPQGQRRNYAHALDGLYRVAREEGLRRLF,1
Q15428,SLLFQIDYPEIAEGIMPRHRFMSAYEQRIEPPDRRWQ,1
Q96GP6-2,RRKPPPPDPATKPKVSWIHGKHSAAAAGRAPSPPPPG,1
Q9NT99,IRPGSFQGLTSLRKLWLMHAQVATIERNAFDDLKSLE,0
Q99541,LVQKPSYYVRLGSLSTKLHSRAYQQALSRVKEAKQKS,0
P01236,ESRLSAYYNLLHCLRRDSHKIDNYLKLLKCRIIHNNN,1
P22310-2,ELHARGHQAVVLTPEVNMHIKEEKFFTLTAYAVPWTQ,1
Q04759-3,VWGLNKQGYQCRQCNAAIHKKCIDKVIAKCTGSAINS,0
O14830-2,VFCWLPLATLIDEKVLILHGGVSDITDLELLDKIERS,0
Q9C0B2-2,IISRILKEEAEEEKRKKQHPPTSARHRLTLRDKTWNY,1
Q03001-8,VGTTQENLNQQYQKVKAQHEKIISQHQAVIIATQSAQ,0
Q8IZ20-2,APLGTDLQGLQEDALSMKHEPPGLQASSTDDKKFTVK,0
P0C7T5,SSTVVDIQESQWPGFVMLHFVVGEQQSKVSIEVPPEH,0
O95613-2,ECQDMSLSSPTSVLGGSRHQSHTAEAGPRKSPVGMLD,0
Q8N895,SFPHCLQPVASRGKAPQRHPFPEALRGPFSQFRYEPP,0
Q9Y6X6-2,LSQTGSLVSAYPSFKFRGHKSALLSKKMTASSIIGEN,0
Q5TG30,LQDTGLSGLLGGLGLDGDHQELLSTLTQTQVAAVCRR,0
Q9P2R3,YVFSQLLQCKQLDLELKDHEGSTALWLAVQHITVSSD,0
Q01954,LPPALIGSLPEQYMLEQGHDQSQDPKQEVHGPFPDSS,0
Q03111,XXXXMDNQCTVQVRLELGHRAQLRKKPTTEGFTHDWM,1
Q9UKZ4,PVLCGGNGEYEKGHCVCRHGWKGPECDVPEEQCIDPT,0
Q68CP9-3,CRRGATNTSNGDTKENEMHVGSLLNGRKYSDSSLPPS,1
Q13485,GHYWPVHNELAFQPPISNHPAPEYWCSIAYFEMDVQV,0
Q5THK1-2,SDRDSVCTCVEKNACKACHPHENSSDRHLPLTVKTDI,0
P02545,LRLSPSPTSQRSRGRASSHSSQTQGGGSVTKKRKLES,1
Q99638,EFRGLLSFAESANLNLSIHFDAPGRPAIFTIKDSLLD,1
O60336-4,PARGTLGRVYPGSRSSEKHSPDSACSVDYSSSCLSSP,0
Q5T292-2,FKAKPQFLQKHLARSVQIHQLQKVKSFPKYAYXXXXX,1
Q4G0X9-3,DIAQTTLDITHTSSRLDAHQKTLVELDQDVKKVNELI,1
P08575-4,QKLNIVNKKEKATGREVTHIQFTSWPDHGVPEDPHLL,1
Q5W0Q7,GNGLPVIGPGTDIGISSLHMVGYLGKNFDSAKVPSDE,1
Q5T4S7-3,EGSTAATDGSTLRTSPADHGGSVGSESGGSAVDSVAG,1
Q5XG92-2,TKEQVPLVVEEYLDNVNEHDWKMLRNRMMDIVQDATF,0
Q9UKZ4,HLGQRDYDVVAGRWTTPNHHIWKQLNLLPKPFNLYSF,1
Q6ZRI8-3,IAKQIPQVVEACCQFIEKHGLSAVGIFTLEYSVQRVR,1
Q9UKE5-8,ERTRVRANSKSEGSPVLPHEPAKVKPEESRDITRPSR,0
P54108,YEDLYSNCKSLKLTLTCKHQLVRDSCKASCNCSNSIY,1
Q5S007,LQQDKASLTRTLQHRIALHVADGLRYLHSAMIIYRDL,1
Q7L8C5,NQSKELLGKDVSVKVTLKHQARKLKKKQTKRAKHKIN,1
Q96KG9-5,PRAAALRNPGKIPKTLVPHYCELVGANPKVRPNPARF,1
Q2PPJ7-3,IIPTAFGDVSIIIYPMKNHMFFIAITKKPEVPFFGPL,1
P35670-2,VAAQNGILIKGGKPLEMAHKIKTVMFDKTGTITHGVP,1
Q8TDQ7-3,GSTPLGCYKKLIEYHKNGHLSFKYVKTFNMDEYVGLP,1
Q9UKX2,RKIAEQELLDASERVQLLHTQNTSLINTKKKLETDIS,0
Q96K12-2,TNIIFHCAATVRFDDTLRHAVQLNVTATRQLLLMASQ,0
Q7Z407-5,YSIQVQAGKGINISARTFHLAQGDVLKIYDGKDKTTH,1
Q3SXZ7,MSVFAECLLWSGHRRQDVHLTNVAVQKTSPDYHPKKG,1
Q99638,AEVTLGIGRGRRVILRSYHEEEADSTAKAMVTEMCLG,0
O00408-5,FKDLQKMAEVGYDRNNKQHHRLLLCLLMTSCDLSDQT,0
O43149,EAWYEKIAQEDPEKQRKMHMFIARYCDLLNVDISCDG,0
Q92608,VVKFLQDTLDALFNIMMEHSQSDEYDILVFDALIYII,0
O00411,EGATQHQELLETCPPTALHGALDALTQLGNCAWRVNG,0
O75362,ITCPFCTFKTFYPEVLMMHQRLEHKYNPDVHKNCRNK,1
O43427-2,ANFKNLSRGLVNVAAKLTHNKDVRDLFVDLVEKFVEP,0
Q6P0Q8-2,FGLSKIGLMSLTTNLYEGHIEKDAREFLDKQVCGTPE,1
Q64LD2-2,GTQLFSGRSDFRITTLKFHPKDHNIFLCGGFSSEMKA,1
O43593-2,FSWPELRPKSDEGSVLLLHRALGDEDTSRVENLAASL,1
Q15413-3,TTSRSQTDKLAFDVGLREHATGEACWWTIHPASKQRS,0
O60673-2,GTADENSDNPLNNENSRTHSSVIATSKLSVKPSIFHK,0
O00507-2,LDYSCSQDRDAQKIQWIDHFIEELRTNDKWVIPALKQ,1
Q5VTL7,CSPEIKNVSRDAFSMINVHWRSTNDDATYTVTAQGEK,1
Q9NVM4-3,EHYDYHQEIARSSYADMLHDKDRVFKPMADAAVKIVE,1
Q92608,VTMKMLVGDIIQIRKDYPHLVDRTTVVARKLGFPEII,1
Q8WUU4,LSCLRCGKQFTVAWKLLRHAQWDHGLSIYQTESEAPE,0
P21580,CETPNCPFFMSVNTQPLCHECSERRQKNQNKLPKLNS,0
Q8TDJ6-2,DCQWDSDNKLSRLMDPVKHIKGSSKQPLRNAATRTFH,1
Q9P2H0,PRESGGHHRPGSYLDMKIHLEKNLEEERQILLQQQKI,1
O75419-2,GRAFEKAAESTSSRMLHNHFDLSVIELKAEDRSKFLD,1
O60330-2,EKSEPLLLSGDSVFSKDSHGLIEVSLYQIFFLFFFXX,0
Q4G1C9-2,MWVGPENEFTASIAIRSWHAEKKMYNFENGSCSGDCS,0
Q9UPT8,ERALREKAVNIPLDPLPGHPLRDPRSQLQQFSHIKKD,0
Q8WUK0,KGVQFALKYQSLGQCVYVHCKAGRSRSATMVAAYLIQ,1
O95613-2,PSPNSRLERSLTASQDPEHSLTEYIHHLEVIQQRLGG,0
Q9C0D2,GRIQESSPTKNNIAVSSDHHVISQLQDKRLSLSQPIL,0
A8MVX0,XXXXXXMEKTKTKQGENEHMPVNNPSTQIYQLQALAS,0
Q10472,SVVIVFHNEAWSTLLRTVHSVINRSPRHMIEEIVLVD,1
Q99614,LRDDEAHLQEDQGEEECFHDCSASFEEEPGADKVENK,1
Q8IWZ3-3,ADIELGCSTPLMEASQEGHLELVKYLLASGANVHATT,0
Q9UPT8,SVGELSSSGLGDPRLQKGHPTGSRLADPRLSRDPRLT,0
Q8NHH9-2,LVEYFKAYIKIYQGEELPHPKSMLQATAEANNLAAVA,0
O60423-3,VCLLFIRATRDLVDDMGRHKSDRAINNRPCQILMGKS,0
Q5QGS0,NKPCSGTEVEQLKNPKQGHLANSLETSGSFSDDSSFI,0
Q9BYB0-3,KGEAQPAASPGPSLRSLPHQLLLQRLQEEKDRDRDAD,1
Q14683,NALVCDNVEDARRIAFGGHQRHKTVALDGTLFQKSGV,0
Q9UL58-2,YRNVMLENFRNLNSLRKAHLLSKPFESLKLESKKKRW,1
Q5XPI4,DANLPSLQKPCPSTLLQQHMADLLQQGPDVAPSFLNS,0
Q9BZF9-2,XXXXXMMNCWFSCTPKNRHAADWNKYDDRLMKAAERG,0
Q8IWD4-2,EDRIIDEDEEVEADRNVNHLPSLVLSDTMKTGLKREF,1
Q96BV0,RIHQRAHARDRQGSRAGLHELIQDAAARRACRLQPGP,1
Q7Z4T9-2,YWSKSDPVPPFISREWKGHKEKHREALRQLTTTDASF,1
Q99640-2,GTPPPLSGTPIPVPAYFRHAEPGFSLKRPRGLSRSLP,1
Q14C86-3,SPPSQSESLLAMFDPLSSHEGASAVVRPKVHYARPSH,0
Q969V5,CSKIIHQRTNTVPFDLVPHEDGVDVAVRVLKPLDSVD,0
Q8NF91-7,IHDHMEQLKELTSTVRKEHMTLEKGLHLAKEFSDKCK,1
O15014,SVTCKSSSESKALDILQQHASHYKSKSPTISDKTSQE,0
Q6ZQQ2,VVLTLYSSPTEKNNDIQKHQGRAKRRRKGGTFKGFPD,1
Q96GN5-5,NCSYCRKRDGRCATGILIHLAKFYGYDNVKEYLESLQ,1
Q99996-5,LKAEIVSASESRKELELKHEAEVTNYKIKLEMLEKEK,0
Q8IVF4,ISLGKLLNESAKEELYNLHEEMEHLAKNLRKIPNTLE,0
P14927,LYNDRMFRIKRALDLNLKHQILPKEQWTKYEEENFYL,1
P40424-2,IYHTELEKYEQACNEFTTHVMNLLREQSRTRPISPKE,0
Q96JI7-3,IDDQDISISLLSLRILSFHNNTSLLFINKCVILHIIF,0
Q86VV8-3,AQAGSLEWMSLWFLPLGSHSEEHIPTQQGLAWLIPLW,0
Q92615,VPASCAVSATYERSPSPAHLPDDPKVAEKQRETHSVD,1
P59036,RGSSQKIRWSRSPPSSLLHTLRPRLLSAEITLQTNLP,1
Q2NKX9-3,LQPARSSCNALPFSIGKNHFLLLRFSSSRLFPEPPPQ,1
Q14684-2,VSPTGPSRVAFDPEQKPLHGVLKTPTSSPASSPLVAK,1
Q96RW7-2,CGRGNQTRTRTCNNPSVQHGGRPCEGNAVEIIMCNIR,1
O60292,VPKEQQRTQSRPRQYSIEHVDLGARYYQDYFVGKEHA,1
Q8WZ42-3,DVPGPPTGPINILDVTPEHMTISWQPPKDDGGSPVIN,0
Q14997-3,VDTLLDGVEQRNLPWKFEHIGIGLLSLLLRDDRVLPL,0
O15427,YGMVGALQFEVLMAIVGTHKFSSAIGLVLLMEAVAVL,0
Q9UJ98-2,EVYNLAATLKRLSAFYNTHDLTRWELYEPCCQLLQKA,0
Q01970-2,EMNEREKKELQKILDRKRHNSISEAKMRDKHKKEAEL,1
Q8N3K9,QKKIINEASQFKPKGISEHTVLSVDGKEVIGPSSPDL,1
Q6IQ21,FQCPKCEKCFESEQILNEHSCFAARSGKIPSRFKRSY,0
P43487-2,KDTHEDHDTSTENTDESNHDPQFEPIVSLPEQEIKTL,1
Q8NCE2-3,DRLSKGEEIFFFCFNFLKHITSEEFSALKTQRRKSLP,1
O60885,PSPLMIHSPQMSQFQSLTHQSPPQQNVQPKKQELRAA,1
Q86W28,FFAALFYVLCFPQRLKNFHVLSHVNIQRLIASPRGSK,0
Q5SQS7,LPRRAGFERNTKFIAPWFHGIISREDAEALLENMTEG,1
Q8TEX9,QRKAGLLVLAVLSDGAGDHIRQRLLPPLLQIVCKGLE,1
Q9UNA1-2,LVHRLPEKNRQMLQLLMNHLANVANNHKQNLMTVANL,1
Q8TDQ7-3,IKEAGGIDLFVGGIGPDGHIAFNEPGSSLVSRTRLKT,0
Q9Y2E4,KQLFLEGSLHPCNVLMCPHTCVTNLPKPRQKQPEIGP,0
Q6XZF7,DCLENTLGVEEQRHETSDHEAEEPDCIISEAPTSPLG,1
Q8NA19-2,DGWDHKYDYWVEADSPDIHPIGWCDVTGHPLEVPQRT,0
Q9C0G6-4,ILKKVEDSWKTTEFVILPHRDSKDVFILGGTDDIQVL,1
Q8N205-2,HPPRWSTPSSYEDPAGGKHCEVFEEANTLDQDLEVEG,0
Q6NUQ4-2,LYPRLKVLAFGAKPDSTLHTYFPSFLSRATPSCPPEM,0
P20700,EEEEEEEAAGVVVEEELFHQQGTPRASNRSCAIMXXX,1
A6NHR9-2,WAVYRLSKFTRQGDFESDHSGYVRPVPVPRSLNSDIS,1
Q6ZUS5,XXXXXXXXXXXXMTDLNKHIKQAQTQRKQLLEESREL,1
Q66K74-2,RKEEGMRAVLDALLASKQHWDRDLQVTLIPTFDSVAM,0
Q15067-2,TRRRREIENMILNDPDFQHEDLNFLTRSQRYEVAVRK,1
P01106,GKRSESGSPSAGGHSKPPHSPLVLKRCHVSTHQHNYA,1
Q14671-4,GGGGYNNSKHRWPTGDNIHAEHQVRSMDELNHDFQAL,1
P78396-3,AAFTGYSLSEIVPCLSELHKAYLDIPHRPQQAIREKY,0
Q6ZS81-5,LLKVLLRYDGLTQSEVDPHLEELLGLVVWLTTCGRSE,0
Q86XF0,VDMIWIVGGSSVYKEAMNHLGHLKLFVTRIMQDFESD,1
Q96SD1-4,FQWSKLPCGITSRNRIPLHIISIKPSTMWFGERSRKT,1
A6NK02,QRIIKKFKVEIILDPETAHPNLIVSEDKKRVRFTKRK,1
Q16543,VDYSVWDHIEVSDDEDETHPNIDTASLFRWRHQARVE,1
A8MVX0,DIYTLFFHIVQRIPEYLIHLQNVLKFTEQEHPDYYLL,0
Q2M3G0-1,NADLIVVLHNGKIKEQGTHQELLRNRDIYFKLVNAQS,1
Q9UBX3,YETVRDRVAKGSQGPLPFHEKVLLGSVSGLAGGFVGT,0
O43427-2,RFFLNQYSASVHSLDGFRHQALWDRYMGTLRGCLLRL,1
Q8WUU4,LWTPLTPNYPDRQPWTDKHPDLLTCGRCLQTFPLEAI,0
Q14676-3,LEAYGPCLSPPRAIPGDQHPESPVHTEPMGIQGRGRQ,1
Q9UM82,ASKPSAFPSKASTHDSLAHGASLREKYPGQTQGLDRL,1
Q13489,CCDGGLRCWESGDDPWVQHAKWFPRCEYLIRIKGQEF,0
Q9UQV4,PRQLSAAAALFASLAVILHDGSQMRAKAFPETRDYSQ,1
Q9BY50,RAGEIVVFKVEGRDIPIVHRVIKVHEKDNGDIKFLTK,1
Q5T1R4-2,KTGQQQKPPKRPPIEASVHISQLPQHPLTPAFMSPGK,0
Q6ZS81-5,QSCLQILGFLDSMASGTLHLRGDLKESLRTKQGPVVD,0
Q8WZ42-3,VKVVEVIRDWLVKPIRDQHVKPKGTAIFACDIAKDTP,0
Q8WVV9-5,QAILGEHPSSFRHDGYGSHGPLLPLPSRYRMGSRDTP,1
Q8NF91-7,AKESSDRTGDSKVLEAKLHDLQNILDSVSDGQSKLDA,0
Q9GZT8-3,EEVMEEVLQKKADLILSYHPPIFRPMKRITWNTWKER,0
Q8NDH2,HRESVVGDIPKDVKNEKQHIPQKEERNQKKIIDMRGT,1
Q969X6-2,WVRTKPFQHHTHDVRTVAHSPTALISGGTDTHLVFRP,1
A6NMZ7-2,DKYRVALAQYSDKLHSEFHLSTFKGRSPMLNHLRKNF,1
Q9UQ35,RSSTGPEPPAPTPLLAERHGGSPQPLATTPLSQEPVN,1
O43719,EENGLEKDLDEEGSEKELHENVLDKELEENDSENSEF,1
P13612,MLNVSLFNAGDDAYETTLHVKLPVGLYFIKILELEEK,0
Q9C0D2,SVISVPSWKSERPTAISEHWDQGQRLKLSPNKYQPIQ,0
P80303-2,TALEAVPIDIDKTKVQNIHPVESAKIEPPDTGLYYDE,1
Q86WK7,VFENCSSAPALGLERPEEHLYALVGRSLRLYCNTSVP,1
Q3MIS6,KYRNNFDHAPLLPQEQKAHIREKAYKCNEHGQVFRAS,1
O60336-4,HAPIRVSPLSKLALPSRAHLVLDIPKPLPDRPTLAAF,1
Q9H972-2,SVVKFLLEKLKQELVTSPHNYTDKELKGACVAYFLTK,1
Q96AC1-2,VHVTDLNRDVTLRVTGEVHIGGVMLKLVEKLDVKKDW,1
O15031,REAESLQPMTVVGTDYVFHNDTKVVFLSPAVPEEPEA,0
Q13075-2,AEYDPSKLVKLIQNSPNLHVFHLKCNFFSDFGSLMTM,0
O14529,DRLQPPSFDPSGQPRRDLHTSWKRNPELLSPKEQREG,0
O95425-4,PSRNEDFGKPAVSTVTLEHQKELENVAQPPQAPHQPT,1
Q9Y6V0-6,PSTISLKESKSRTDLKEEHKSSMMPGFLSEVNALSAV,0
Q9BWV1-2,RPRHEGSGRAPILYYVVKHRKVTNSSDDWTISGIPAN,1
P40938-2,VLSTVCKKEGLNLPSQLAHRLAEKSCRNLRKALLMCE,1
O95622-2,EVTGVNVNMRVGIHSGRVHCGVLGLRKWQFDVWSNDV,1
Q9HCI6-2,ENNEVSKNHCRLSKAKEPHFEYIEQPIIEEKPSLSSK,0
Q9NP94,AVLAHKGLVVFGVGMRLVHLGTSSRWAVFSILLLALM,1
Q15642,SFRSLRGSRGTVVTEDFSHLPPEQQRKRLQQQLEERS,1
O43301,GTTSSGYAYSFTKEPECIHVMRRWEGGDPGVSNQKTP,0
Q7Z7J5,KGWVRLQFHAGQAWVPTTHRRMISLFLLPACIFPSPG,1
Q9C0D2,MERFEKAHVRGFQAMKKIHLAQNQEKLMKELKQLQQE,1
Q15413-3,VAMWFSKRLPTFVNVPKDHPHIEVMRIDGTMDSPPCL,0
Q96KM6,RRCGKPPCEVDSPSFPCTHCGKTYRSKAGHDYHVRSE,0
Q9ULJ7-2,DILSKLLVDGLGNTKILFHYSFAEWLLDVKHCTQKYL,0
Q8N135,TVGESALSVEPFSYQGEPHIVLAQPFAGRCLILSWDY,0
Q5UCC4-2,AQKAKNPQEQKSFFAKYWHIILGGAVLLTALRPAAPG,1
Q5HYK7-5,SQVFKNQDPVLPPRPKPGHPLYSKYMRGDVLVMLKQT,1
Q9P2D8-2,MVPGNAAGVAKQFLRCIFHQLAPNGIFPQLFQSTIKD,1
O94979-4,RATVWDLRKNEPIIKVSDHSNRMHCSGLAWHPDVATQ,0
Q96SD1-4,TNVIVRTGESSYRACFSFHSSYSEIKDFLSYLCPVNA,0
Q15911-2,YHCVLCNYSTKAKLNLIQHVRSMKHQRSESLRKLQRL,1
Q8TCU4-3,RSSSVSTIDTARLIQAFGHERVCLSPRRIKLYSSITN,1
Q2M3W8-2,FECQKCRKSFNQLESLNMHLRNHIRLKPYECSICGKA,1
Q96SN8-4,HKILRKARGNLELRPGGAHPGTCSPSRPGSXXXXXXX,1
O75582-2,IMRKLVSAVSHMHDVGVVHRDLKPEVXXXXXXXXXXX,1
Q9P0W8-3,SSFARSLVPSSERLHLSLHKSSKVITNGPEKNSSSSP,1
Q8IZJ3-2,CAEVYMKLSVPKGIQFVGHPGKRHVTKKMCVAPGEAE,1
B4DX44,QLCSIFTEHKDIFSREKCHKCEECGKDCRLFSDFTRH,1
Q92614-5,SSPTSYWKSLAPDRSDDEHDPLDNTSRPRYSHSYLSD,1
Q06481-5,VKALEKEAASEKQQLVETHLARVEAMLNDRRRMALEN,1
Q969V5,LQRQERLRLKQMQEEFQEHEAQLLSRAKPEDRESLKS,1
P78344-2,IKFIGELGKLDLIHESILHKCIKTLLEKKKRVQLKDM,1
Q9BQ70,PGPAPLSSRKHVLYVEHRHLNPDTELKRYFGARAILG,1
Q8WXR4-6,LRSTGILETVSIRRQGYSHRILFEEFVKRYYYLAFTA,0
Q13363-2,RAITGRIPDSLKNCVNKDHLTAATHWASMDPAVVHPE,0
O15068-5,XXXXMKVPVIMLSSVPDLHGYIDKSQLTEDLGGTLDY,0
Q9UKZ4,NFEVVAGTGDQCLPFDQSHCGDGGRASEASLNSPRGI,0
Q96MU6-2,YKCKECGKAYNRFYLLKEHLKTYTEEQVFVCKDCGKS,1
O75592-2,ELICGACSDVSRAQMCPKHGTDFLEYKCRYCCSVAVF,0
O75533,ARKNRWDETPKTERDTPGHGSGWAETPRTDRGGDSIG,0
Q13464,LTDREVRLGRNGVEEIKRHLFFKNDQWAWETLRDTVA,0
Q9H3E2,YMERMDKRALISFWESVEHLKNANKNEIPQLVGEIYQ,1
P42345,AIQIINRVRDKLTGRDFSHDDTLDVPTQVELLIKQAT,0
Q14C86-3,RELPPAAAIGATSLVAAPHSSSSSPSKDSSRGETEER,1
O60292,WETVDMTLRRNGLGQLGFHVKYDGTVAEVEDYGFAWQ,0
O43929-2,ENVQYLSEDRSVQEVLQKHFNISKNLRSLHMLLMLAL,1
Q8IWR0,ACQICFVKSGPKLMDFTYHANIDHKCKKDILIGRIKN,0
Q8WW52,ALRPSLALLARLSSLGLLHWPVWVGAKISHGSFSVPG,1
Q02241-3,NQMYGTNKMVPYRDSKLTHLFKNYFDGEGKVRMIVCV,1
O14646-2,KKRQESQQNSDQNSNLNPHVIRNPDVERLKENTNHDD,0
Q8IZJ3-2,GVPRAYTYSAFFCPSERVHISTPNKYEFQYVQRPLRL,0
Q02218-2,EQFYCGDTEGKKVMSILLHGDAAFAGQGIVYETFHLS,0
O43852-2,EPQLSDKVHNDAQSFDYDHDAFLGAEEAKTFDQLTPE,1
Q5VT06,QKYSASYDSYSESSGYKNHDRRSSSGSSRQESPSVPS,1
Q9P2R3,QEQYSDLKIKVGDRHISAHKFVLAARSDSWSLANLSS,1
A6NHR9-2,KTLPLFYGSIVRFFLYGDHDGEVYATGGEVQIAMEPQ,0
Q5UCC4-2,EAGGYVSSFVPACSLVESHLSDQLTLHVDVAGNVVGV,0
Q8N135,RWDGSMFRLLQQLPSRGAHVFQPLLIARDQLAILGSD,1
O75747,HFMPCANYLVKDLIAEILHFCTNDQLLPKDHILSVCG,0
Q8N5G2-3,KDTEVLMSALSAMQDKTQHLENSLSAETRIKLDLFSA,0
Q12888,AEQSSKDIPVTAQPSKDVHVVKEQNPPPARSEDMPFS,0
Q9Y6J0-2,QVEAGAERRDIVIRLPNLHNDSVVSLEEIDKNLKSLE,0
Q14997-3,YVLQGGLAQQEWRVPELLHRLLKYLEPKLTQVYKNVR,1
Q13363-2,ADSTLCHILNLYRRATWLHQALREGTRVQSVEQIREV,1
Q8WZ42-3,LKQTTRVNVEETATSTVLHIKEGNKDDFGKYTVTATN,0
Q96SN8-4,KENDKLRESLSRKTVSLEHLQREYASVKEENERLQKE,0
O75717-2,GLIIVWNVETKDCMERVKHEKGYAICGLAWHPTCGRI,0
Q63HR2-5,HDLTRLNPKVQDFGWPELHAPPLDKLCSICKAMETWL,1
Q9HAF1-2,IEKREPGSGTESDTSPDFHNQENEPSQEDPEDLDGSV,1
O43719,RVECSKFGQIRKLLLFDRHPDGVASVSFRDPEEADYC,0
Q03001,DRIRASNVASIKTMLPGEHQQVLSNLQSRFEDFLEDS,1
O75342,LLVLWTLSREPDDRRPLGHFPDIHFVEEAPRRSIEAF,0
Q15652-2,HRTCLNPGTHHPALTPAPHLLAGSSSQTPLPTINTHP,0
Q53H82,GDVIKTEGATLRVLYTPGHTDDHMALLLEEENAIFSG,0
Q8N9S9-2,RIEIITSDTAERVLEVVSHKIGLCRELLGYFGLFLIR,1
Q9P225-2,QGLKIIDLQMSDYLRILEHAIHFGYPVLLQNVQEYLD,0
Q9Y651,DKFAFPVPYGLGGVADAEHPALKAGAGLHAGAGGGLV,1
Q63HK3,TFLDILRETRFYEALQACHRKSKLYGAVAEQLRECGF,1
Q8TDI0,LTRIGVMSLVRKKVQEFEHVNGKYSTPDLIPEGPEGK,1
Q9UNA0,RRRQGEEVQERAEPPGHPHPLAQRRRSKGLVQNIDQL,1
Q9Y6A1-4,WAVNYLPFFLMEKTLFLYHYLPALTFQILLLPVVLQH,0
O95613-2,ALRAQLRMTHLQNQEKLQHLRTALTSAEARGSQQEHQ,1
Q9Y2T1,LQREMHRSVKANGQVSLPHFPRTHRLPKEMTPVEPAT,1
Q9GZR2,GTKERTNGDIVPERGDIEHKKRKAKEAAPAPPTEEDI,1
Q92608,FLRAINKFAETMNQKFLEHTNFEFQLWNNYFHLAVAF,0
Q5T1R4-2,PTEGESTDSEEETSATSGHPAELSPRPKQPLLSSGLY,0
O43149,LFLLELLTCQKDFTNYFGHLEGCGADLHKEIRDTYYQ,0
P35670-2,EAVITYQPYLIQPEDLRDHVNDMGFEAAIKSKVAPLS,0
P19823,FQSEDIKIEISTETITLSHGSSTFSLSWSDTAQVTNQ,0
Q9ULZ9-2,LPEPPDNRSSAPPRKDVPHRCSTHFDAVAQIRGEAFF,1
P48023,QIGHPSPPPEKKELRKVAHLTGKSNSRSMPLEWEDTY,1
Q6XZF7,GLFTNCVHGYAEAHCDFVHQALEQLKPLLSLLKVAGR,0
Q15413-3,LALVLNCIDRLNVYNSVAHFAGIAREESGMAWKEILN,0
Q09472,QVRSPQPVPSPRPQSQPPHSSPSPRMQPQPSPHHVSP,1
Q9ULM3,ISTPSPSPLPRTPTSTPVHVKQGTAGSVINNPYVIMD,0
Q6ZSS7,VSELTAYFFSHKLIELIGHIRVLYIGLACNTARYIYI,1
Q6P2S7,HSPDYISISQKSFLQRRLHIETKLLKTSNDINKEXXX,1
Q96RW7-2,LTCDATGIPPPTIAWLKNHKRIENSDSLEVRILSGGS,0
Q9Y490,EFAGFQCQIQFGPHNEQKHKAGFLDLKDFLPKEYVKQ,1
P52743,XXXXXMNVARFLVEKHTLHVIIDFILSKVSNQQSNLA,1
Q9HC10-4,RLCQNFLQKLRFLADEPQHSIPDIFIWMMSNNKRVAY,0
Q9NS87-4,ETQEQEIEDGRASKTSLEHLVTKLNEDREVKNAEILR,0
P78346-2,SHLSLPRTRIQQRQLLISHQRDHTPKNRLXXXXXXXX,1
Q8IY21,NKYSVGIGPARFQLQYMGHYLIRDERKDPDPRVQDFI,0
O14757-3,EPDAQRFFHQLMAGVVYLHGIGITHRDIKPENLLLDE,0
Q7Z388,YKDMLKAPSFERGVYELTHNNKTVSLKTINAVQQMSL,1
Q14689-5,GNLVAGKRIAQASGRELAHLEDSDQARKFLFLADVLQ,1
P15559-3,DPANFQYPAESVLAYKEGHLSPDIVAEQKKLEAADLV,1
P20929-4,ILLAKTVSNLVSENKYKDHVKKHLAQGSYTTLPETRD,0
Q15413-3,WGGNGVGDDLYSYGFDGLHLWSGRIPRAVASINQHLL,0
Q92547,SDVTISCTSLEKEKREEVHKYVQMMGGRVYRDLNVSV,0
Q8TDJ6-2,VTKTSALSAKKDQPDFISHRMDDVPSHSKALSDGNGS,0
Q86W28,QLTCESLASCLRQSKMLTHLSLAENALKDEGAKHIWN,1
Q9Y4D8-5,LLLLEGGPGSPSCLLGGKHIVSWGYEDMLPAPDSNTG,0
Q13485,VQLECKGEGDVWVRCLSDHAVFVQSYYLDREAGRAPG,0
Q96A70-3,VKSHPSAKMVLCIATDDSHSLSCLSLKFGVSLKSCRH,1
P19823,VDFLGIYIPPTNKFSPKAHGLIGQFMQEPKIHIFNER,0
Q9BT78-2,INRASLLQNESTNEQLQIHYKVCYARVLDYRRKFIEA,0
Q14247,DRQDKCALGWDHQEKLQLHESQKDYKTGFGGKFGVQS,1
Q5H9F3-2,ACLENSEKPSGKRKCKTKHMATVSEEAKDVVLYCLQK,1
Q6NUQ4-2,KPKIATANLGKFLELLRSHQSRPAKCLTIMWALGQAG,1
O95684-2,NQSDTSVSLSEPKSKSSLHLLSHETKIGSFLSNRTLD,0
Q8TDN4-3,CVLLAAKIGSDLKKHEVKHLIDKLEEKFRLNRRELIA,1
Q9UIF3,HTNSYLLSTNAQLQRDASHQIRQEARVLRNETNNQTI,1
Q8NA92,QERHQAQLQALERLAQQLHGESLLARARRGLQRLTTA,1
Q09666,MPEMHFKTPKISMPDVDLHLKGPKVKGDVDVSVPKVE,1
Q9BZI7,IDRIPERDKLKDEPKIKVHRFLLQAVNQKNLLKKPEK,1
Q6ZQQ2,RALLPSPLFLIRICGVCFHRPQNEARSLLPSEINHLE,0
A4IF30,GNGLCGISHKEQEVWKPGHNILVKMRKEDKSLVWLIH,1
Q92539,RSKEKVIDIEINGSAVDLHMKLGDNGEAFFVEETEEE,1
Q9NR09,TTDDGVLLRRMALEIGALHLILVCLSALSHHSPRVPN,0
Q01954,YDKGTLKIHYNAVHLKIKHKCTIEGCNMVFSSLRSRN,0
A8MVZ5,SCSISSPLLPERRKVAESHLPATFSRSSQFTAWKAAL,0
P01133-2,TEDGMSSCPQPWFVVIKEHQDLKNGGQPVAGEDGQAA,0
O43933-2,SNGGQIPDDLRKRLNIEMHAVVRITPVEVTPKIPRSL,1
O43149,HPHRNSKEVKNIPDDPCRHFLLDFAQSEPAQNFCGPY,0
Q8IVF2-3,VDVKLLEGHVPEGAGFKGHLPKVQMPSLKMPKVDLKG,1
Q9UNY4,RESEPLREKVTQLLPQNVHSHNSISKPQKGGPLNKEY,0
Q66K74-2,SDKSLYDELRNLLLDPASHKLLVLAGPCLEETGELLL,0
P51168-2,LDELMEAVLERILAPELSHANATRNLNFSIWNHTPLV,0
Q5T4S7-3,VPANPGVCGNCGENVYQCHKCRSINYDEKDPFLCNAC,0
Q16670-2,GEKPFKCNICQKAFRLNSHLAQHVRIHNEEKPYQCSE,1
Q9C093-4,NCLRGKENISAVRNIVLTHLIKRLQGCFRDASQNVVR,1
Q15413-3,DVPQLNEYCKMPLKLLTNHYEQCWKYYCLPSGWGSYG,0
Q16620-6,NRSNEIPSTDVTDKTGREHLSVYAVVVIASVVGFCLL,0
Q96II8-3,PSQIGNLEALRDLNVRRNHLVHLPEELAELPLIRLDF,0
P14373-2,SCPQCRETFPQRHMRPNRHLANVTQLVKQLRTERPSG,1
Q86VQ1,RSKQSSRHSKEKDRQSPLHGNHITISHTQATGSRSVP,1
Q15067-2,PTVTSIKWWPGGLGKTSNHAIVLAQLITKGKCYGLHA,0
Q8IY67-2,LNNLGPSASLQLLLNPLLHGSAGGKQGLLGAPPAMPL,0
Q15911-2,PPPQCPLPQSSPSPSQLSHLPLKPLHTSTPQQLANLP,0
Q96K37-2,GVFLYNKTKYDANQQARKHLLPVTTADLSSKERHRSP,1
Q8WXK3,LNAGANVNAAKLHETALHHAAKVKNVDLIEMLIEFGG,1
O60423-3,VDIDGETNLKFRQALMVTHKELATIKKMASFQGTVTC,1
Q9P2R3,PGANGEGEEEARDGQTPLHLAASWGLEETVQCLLEFG,0
P41273,PASSEARNSAFGFQGRLLHLSAGQRLGVHLHTEARAR,1
Q14135-5,SSSPESASRRGQPASPSAHMVSHSHSPSVVSXXXXXX,1
Q9NS75,LRTVHLTTWKVGLCKDRLHKALVITLALAAANACFNP,1
Q96RW7-2,TSLKRPKRPLFNFALVPFHDPEIGPVTITTDPKKFQY,0
Q96AC6,LENEALKQSLSLMRDLLLHWGPGPPIRAPQEEAEALL,1
Q9HCI6-2,HRLQLSLDDSISEIKQINHLKIFIDKIYSIYHQPNKN,1
O43301,GDKYVVVDSGGGTVDLTVHQIRLPEGHLKELYKATGG,0
P33981-2,SSNHWQIPELARKVNTEKHTTFEQPVFSVSKQSPPIS,1
Q6P2S7,RYFQRQTSFWRVYQELPWHMKMSGCLRGLCGFLSSPT,0
P50213,XMAGPAWISKVSRLLGAFHNPKQVTRGFTGGVQTVTL,1
Q9UI17,PVTAIRISYTGELGWELYHRREDSVALYDAIMNAGQE,0
O43593-2,PGALLWLQEPQPCPRRGFHLFQEHWRQGQPVLVSGIQ,0
P01019,AILGVPWKDKNCTSRLDAHKVLSALQAVQGLLVAQGR,1
A2RUS2-2,IVLPARADPESPILDLDLHLPLLCFRPEKVLQILTCI,0
Q8NF91-7,DILPEQEQQGLQEAVRKLHKQWKDLQGEAPYHLLHLK,0
Q9UKZ4,YYYDGLGRRVASKSSLGQHLQFFYADLTNPIRVTHLY,0
Q6P0Q8-2,LSSCDSPDTPETDDSIEGHGASLPSKKTPSEEDFETI,0
Q5VZ89-5,MTTAFIHALERRSSLPLDHGSPAQENPESEKSSPAVS,1
Q9UNA0,SWGQCSRSCGGGVQFAYRHCNNPAPRNNGRYCTGKRA,0
P35670-2,LPLRKVLAVVGTAEASSEHPLGVAVTKYCKEELGTET,0
Q8IZT6,SFIKQNNPKFSAVQDISSHSHNKQPKRRPILSATVTK,0
Q6P2S7,FFICMLGQTYGDFLPDYSHFMTSKVTRLSSLSKVENL,0
Q13702,RAQDLAEEVGNKLSQLKLHCLSESIYRSKGLQRELRA,1
O15031,LDLTSQREGRWKRVNTLMHYNVRDGATLILSKVGVSQ,1
A1L167,KSFSRKEAEATFKSLVKTHEKYGWVTPPVSDGXXXXX,1
Q49A92,SELSELAALRPGFRLSAPHARVAPRAATHARGRGRAS,1
Q8IY21,QKWNALSFSIEEQLKENLHSGIKSLEDFLKSCKSSCV,1
O43301,RSPLTYGVGVLNRYVEGKHPPEKLLVKDGTRWCTDVF,1
Q6ZS81-5,MRKRIKRLSPLEALSSGRHKESQDKNDHISQTNAENQ,0
Q6ZMW3-2,QVYKEDLPQLKQQSKEKNHAVPFLKREKAPEDSLKLQ,1
Q02218-2,LSGQDVERGTFSHRHHVLHDQNVDKRTCIPMNHLWPN,1
P48357-5,WSTSTIQSLAESTLQLRYHRSSLYCSDIPSIHPISEP,0
Q8NF91-7,IKLFLSELQTTSEISIMDHQVALTRHKDHAAEVESKK,0
A0A096LP49-2,VEAKASHGQGRELSRVSQHQVPVLREKPKRVKSSSCK,1
Q8N3K9,EEFQPFTFSLKGLSEEVSHPADFKKGGNQEIGPLPPT,0
Q8NF91-7,KIDQLQSDYQDLCSIGKEHVFSLEAKVKDHEDYNSEL,0
P04798,FKDLNEKFYSFMQKMVKEHYKTFEKGHIRDITDSLIE,1
Q15413-3,SDFYWYYSGKDIIDESGQHNFSKALAVTKQIFNSLTE,0
Q8NEM8-4,SESIDSLTYLLKLTSQKKHLKTKKERNSTIASHQNAR,1
O14646-2,LIKPPDNNEFYNKQEALQHLIRSSGKLILLDKLLIRL,1
Q7L1W4,NISMIPIEIGLLQNLQHLHITGNKVDILPKQLFKCIK,0
Q9H422-2,QKLTSAFQQQHLNFSQVQHFGSGHQEWNGNFGHRRQQ,0
Q68DN1,MKPLQQTVEYEGITPELKHYFTEAMGLTAEARIQANE,0
Q92547,WLLDCAQECKHLPESLYPHTYNPKMSLDISAVQDGRL,0
P05230-2,LPPGNYKKPKLLYCSNGGHFLRILPDGTVDGTRDRSD,1
Q76B58-2,EQLENSMKQLFLKAQKIVHKLFSLSKRCHKQPLISLP,1
Q03828,XXMMERIRKEMILMERGLHSPTAGKRFSNLSNSAGNA,1
O14746-4,HNERRFLRNTKKFISLGKHAKLSLQELTWKMSVRDCA,1
O75717-2,TGSSLLKEEEEDGQEGSIHNLPLVTSQRPFYDGPMPT,1
P27986,RQLLDCDTPSVDLEMIDVHVLADAFKRYLLDLPNPVI,1
O00186,KEAILEEEDDLWVRIRHRHIAVVLEEIPKLMKEISST,1
Q8N139,KDYILELKVKETSQVTLVHTEILKLFPQAAGQERYSS,1
Q96KA5-2,YLARRPKLQLSVYTTTRSHLGAENNIDLVLNVEDFDV,0
P56975-3,PDQDTIPCQGIEVRKTISHLPIQLWCVERPLDLKYSS,1
Q86VV8-3,LTICTKDVLDKELISAFYHTWTHLFNLLAMLLRKAGA,0
Q96SN8-4,NEIMKDLSKGGCKNGYLRHTESKISDCDGAHAPGCLE,0
P08922,DQEKIEFLKEAHLMSKFNHPNILKQLGVCLLNEPQYI,1
Q5SSQ6,HGQAWFEDHLREAQRQQLHLGALGENFLTDLHSEPGR,1
Q8IY63-2,WPSMASLPSRGRLSTTPAHSPVLKHPAAKGTAEKLEN,1
P21810,GLQHLYALVLVNNKISKIHEKAFSPLRKLQKLYISKN,1
Q8IY67-2,RLFSHPREPALGPHGPSRHKMSPPPSGFGERSSGGSG,1
Q86VV8-3,QTQLALKLLQCLKVTDAPHFYGLPSLERTLRGMANLT,1
Q8NF91-7,LWIYLQDADQQLQNMKRRHSELELNIAQNMVSQVKDF,0
P31321,IVHLCISKPERPMKFLREHFEKLEKEENRQILARQKS,1
Q9UJ98-2,GIVTPEMFKKMSNSEIIQHLTEQFNEMDDLISLLTGL,0
O15050,DLLNREGRREEAALLMKQHGCLLEAARLTADKDFQAS,0
Q07157-2,RSRSRSPDQRSEPSDHSRHSPQQPSNGSLRSRDEERI,1
Q86VQ0,TNSFQRQLLAERKRAYEAHDENKVLQKEVQRLYHKLK,1
Q9ULM6,RRMYTIMSSEEAANGKKSHWAELEISGKVRSLSASLW,1
P10074,VPRDQEPRGSHSPQRPQLHSPAQSEGPSSLCGKLKQA,1
Q13435,FTVAELKQLVARPDVVEMHDVTAQDPKLLVHLKATRN,1
Q96KM6,LRDIPLSLMNDWKDEFKAHSRVKCPNSGCWLEFPSIY,0
O14863,VEDLNIWSLTSGKSTAIVHIQLIPGSSSKWEEVQSKA,1
Q8WW59,EYEAQKLSLVDVSQVSVVHTLQTDFRGPVVPAFALWD,1
Q96RW7-2,LLSISGSSLKTIPVKYYPHRKPYGIWNISDFVPPNEA,0
Q5VZ89-5,PVSSLAEPDLINFMDFPKHNQIITEETGSAVEPRYQR,0
Q13485,EKKDELDSLITAITTNGAHPSKCVTIQRTLDGRLQVA,1
P06731-2,IESTPFNVAEGKEVLLLVHNLPQHLFGYSWYKGERVD,1
P57103-2,TTVDKLIKKTNLALVVGTHSWRDQFMEAITVSAAGDE,0
Q659A1,LKEKLSALKISNLFNILQHILKKLSSLQEGSYLLSHA,1
O15050,AKCYQKGGAFEKEKLALAHDTALSMKSKKVSPKEKQL,1
Q9Y6X6-2,FQKNEFEQLCVNMTNEKMHHYINEVLFLHEQVECVQE,0
P51168-2,MTISMADWPSEASEDWIFHVLSQERDQSTNITLSRKG,0
Q15413-3,VVLSRELQGMVEVVAENYHNIWAKKKKLELESKGGGS,0
Q5T4S7-3,AMCVLSSPHGRRQHLAVSHEKGKITVLQLSALLKQAD,0
P46013,EEEFLAFRKLTPSAGKAMHTPKAAVGEEKDINTFVGT,1
Q15911-2,GPGLLEDLKAQVQVPQQSHQQILPQQQQNQLSIAQSH,0
P06731-2,LFIPNITVNNSGSYTCQAHNSDTGLNRTTVTTITVYE,0
O00411,LYRLSLAQHLRDRVFWLPHNMDFRGRTYPCPPHFNHL,1
O75592-2,VVLPVRNSLRRENELFSSHLVSNTCGLLASIVSELTA,0
A0A096LP49-2,EALDTVRDPAVGLLRSCPHSLPAAPTLATPTLATPAC,0
Q8WZ42-3,CQISNYIVEKKETTSTTWHIVSQAVARTSIKIVRLTT,0
Q9NS87-4,TSLLNLVDLAGSERQKDTHAEGMRLKEAGNINRSLSC,0
Q92547,SPQLKEAQSEKEEAPKPLHKVVVCVSKKLSKKQSELN,1
O15014,GSLSPARSATPKVRLVEPHSPSPSSKFSTKGLCKKKL,1
Q00839-2,NKYSRAKSPQPPVEEEDEHFDDTVVCLDTYNCDLHFK,1
A8MQT2-2,LLKRQLEQSIREQILLKGHVTQLKESLKEVQLERDQY,1
Q9P225-2,EMVIKDKELVQRLETSMIHWTRQIKEMLSAQETVETG,0
Q13123,LMTPRAAPTSAPPSKSRHHEMPREYNEDEDPAARRRK,1
Q8IZT6,QKRAAAIQLQAAFRRLKAHNLCRQIRAACVIQSYWRM,1
Q8N1G2,KRKMIIEDETEFCGEELLHSVLQCKSVFDVLDGEEMR,0
Q8N895,RRAKVPVFQSDGESAQGSHCHEEEEEDNCYEVEPYSP,0
Q9H422-2,FQQTLIICPPAIQGIPATHGKPTSYSIRVDNTVPLVT,0
Q9C0D2,IQNLEKLYLASLRSMGEGHRQAKENEPDLDALAQRAA,0
Q6IMN6-5,SGLSLDLLKAQKKAQRREHMLKLEAEKKKLRTILQVQ,1
Q2TAL8,QQQSITHIAIPQEAYNAVHVSGSPTALAAVKLEDDKE,1
P59817,LQCSKCRLQFLTLKEEIEHKTKDHQTFKKPEQLQGFP,1
P22455-3,LALAVLLLLAGLYRGQALHGRHPRPPATVQKLSRFPL,1
Q7Z407-5,CIMGDDGRPGWNRALPSCHAPCGSRSTGSEGTVLSPN,0
P25440-4,QLSLDINKLPGEKLGRVVHIIQAREPSLRDSNPEEIE,1
Q8IVF4,DDNRLLTLANGERIRLQAHCALLFEVGDLQYASPATV,0
P18583-2,SPAVVLEPPVVSMEVSEPHILETLKPATKTAELSVVS,0
O43933-2,SMGSLVALIATSQSQQSLHPLLVSAQGVHIFQCVQHI,0
Q9Y6V0-6,DIGEITKGTAALSTAFSLHEKDLSKTDRLLRTTETRR,0
Q13162,AVQGWETEERPRTREEECHFYAGGQVYPGEASRVSVA,0
Q9UPN4-2,IQKLIARHKQEVRRLKSLHEAELLQSDERASQRCLRQ,1
Q9H8T0,PKIEDPYAISFSPWNPSVHDEAREKMLTQKKPEEQHN,1
Q4G1C9-2,KCTDFLCSKIKKINMKKMHNGLDKKNKRLNTSFLWSC,1
Q5T1R4-2,PKFEEPPSKGTTVCGADVHEVGPGPSGLSEEQSRAFP,0
P18583-2,AQKRSGNFSAAMKDLSGKHPVSALMEICNKRRWQPPE,0
Q9Y6N7-6,QSNLSNNMNNGSGDSGEKHWKPLGQQKQEVAPVQYNI,0
O75592-2,NLCTDCDRFLHLHRRTKTHQRQVFKEEEEAIKVDLHE,1
Q8TDI0,FLNAIMRWGMPPQDAFNSHWLVRDLRGKSEKEFRAYV,0
P46937-5,ASTDAGTAGALTPQHVRAHSSPASLQLGAVSPGTLTP,1
Q6XZF7,ERLVISPLNQLLSMFTGPHKLVQKRFDKLLDFYNCTE,0
Q99435-4,YILADDKWHKLSLAISASHLILHIDCNKIYERVVEKP,1
Q9Y4A5-2,AQTAEVEIPGEFLMPKPTHYYIKIARFMPRVEIVQKH,0
P40424-2,EANIYAAKTAVTATNVSAHGSQANSPSTPNSAGGYPS,1
P57103-2,IIGICVYVIPDGETRKIKHLRVFFITAAWSIFAYIWL,0
Q9C0E4,PLLAEAGDVLELIISRKPHTAHSSRAPRSPGPSSPRM,1
Q9NT99,ITFMAAVMLVAFYKLRKQHQLHKHHGPTRTVEIINVE,1
Q9UKX2,AKTVRNDNSSRFGKFIRIHFGTTGKLASADIETYLLE,0
Q9C0D2,EQCFEQLQPEYSSQEESQHADLPSIFSIEARDSSQGM,0
Q9Y4A5-2,LRTLELCVDNLQPDFLYDHIQPVRAELMQALWRTLRN,0
Q96GE4-2,SQEHQELKAREKSQAQTLHKVKRELRSKMEKEIQQLQ,1
Q15652-2,NAVNAEASLRRNSPSPWLHQPTPVTSADGIGLLSHIP,0
Q5QGS0,SIEISASSKQISLCNDQRHASNHKEDGGLKGTLKSAP,1
P25440-4,LQGSVTSAHQVPAVSSVSHTALYTPPPEIPTTVLNIP,0
O15042-2,RKHNYRNESARESLCDSPHQNLSRPLLENKLKAFSIG,1
Q8NDH2,AVFKAKTSAPPQVFSITEHSPLSKRKEPQWGMKERAG,0
Q8WZ42-3,SETRFKVTGLTEGNEYEFHVMAENAAGVGPASGISRL,0
P16070-18,DRKPSGLNGEASKSQEMVHLVNKESSETPDQFMTADE,1
Q9C093-4,KPKELLESLLQADIVKFAHFLLDVMNVLSILSCVNKN,0
Q8WVF1-4,AGEFQLIRQTLLIFFQDLHIRRECFWKHMQETVHSAQ,0
Q66K74-2,AGLSLPLRGPRARRSASPHDVDLCLVSPCEFEHRKAV,1
Q8WXI9,LKMLALLKRKDLANLEVPHELPTKQDGSGVKGYEEKL,1
Q5VVP1,TAQVLSFLEPCTQQGLGAHIVRFWAKHRWGLPLRVLK,0
O14948-4,RTHGLPTLASLGTVDLGAHVTKQQSHPEQNSVDYCQQ,1
Q03001-8,VDLANRIEQQYQNVLTLWHESHINMKSVVSWHYLINE,0
Q70CQ4,ANTTGKEQLVTKDPASAKHSLLSARKSKSSQLDSGVP,1
P25205,DSYDPYDFSDTEEEMPQVHTPKTADSQETKESQKVEL,1
Q96JI7-3,SSVPHGELSCTTELLILAHHCFTLTCHMEGIIRVLQA,0
Q68D86-2,LKESKPKNVKEFDILLGQHNDEMQELSGNIKEESKSQ,1
Q8TCU4-3,SLVDRLDRLAKILQNPITHSLQVSESTHDDSRGERSV,0
Q09666,QISGPEIKGGLKGSEVGFHGAAPDISVKGPAFNMASP,0
Q9H0E3,IQRPAQSRDVTTRITLPSHPALGTPKQQLHTMAQKTI,1
P49589-2,LLGASMDIHGGGFDLRFPHHDNELAQSEAYFENDCWV,0
Q15811-4,YVKLTTDMDPSQQWCSDLHLLDMLTPTERKRQGYIHE,0
O00444-3,SGTSNSQSQAKTYTMERCHSAEMLSVSKRSGGGENEE,0
O43427-2,QDLKELKVLVADKDLLDLHKSLVCTALRGKLGVFSEM,0
Q13075-2,VAISGGFQKLENLKLSINHKITEEGYRNFFQALDNMP,1
Q96EF9,SLQNLEKTIFCLQKLISLHPFNPWNWGKLAEAYLNLG,1
Q96RL7-4,TRIVTFTPFYMIKNKSKYHISVAEEGNDKWLSLDLEQ,0
Q13586,SPVGDSRALQASRNTRIPHLAGKKAVAEEDNGSIGEE,0
Q9P2R3,IIVRNLLLAGAKVNELTKHRQTALHLAAQQDLPTICS,0
Q8IWZ3-3,LDKQEDMKTILEGIDPAKHQVRVAFDACKLLRKEXXX,1
P20929-4,YKVVLDTPEYRKVQELKTHLSELVYRAAGKKQKSIFT,0
Q86UE3,PPLHGPPNDFLIFQIIPLHSLSIMPRFLWILCFSMEE,0
Q8N3K9,KKKETELPSSQNVSPASKHIIPKGKDEETASSSPELE,0
Q9BRR0-2,KQTKSRDLPPAEELPEKEHGKISCHLREDIAQIPTCA,1
Q9C099-2,EILIEDDKQKSIQIELLKHEKVQLISELAAKESLIFG,0
Q03001,GGRITLKCGRNISILRAAHEGLIDRETMFRLLSAQLL,1
O75342,EAPRRSIEAFRQRLNQISHDIRQRNKCLPIPYYYLDP,0
A2RUS2-2,DFMKRVQESGIVKDASIIHRLFEALTVGQEKQIDPET,0
P13591-6,AEYICIAENKAGEQDATIHLKVFAKPKITYVENQTAM,1
Q9Y6V0-6,LAAAAAAGGGASGAGSPSHTAIPAGMEADLSQLSEEE,0
Q8N5G2-3,RFKDLKNFHVDLCRPFAAHWLEQDIKKLKADLQASRQ,1
Q9Y4A5-2,WPCLLSKACVDPACKYSGHLLLAHIIAKFAIHKKIVL,0
Q5HYI7-4,SKGALNRILLTRGQPPLYHLREVEAQIYRDAKECLNL,1
Q02218-2,LKEVQKYPNAELAWCQEEHKNQGYYDYVKPRLRTTIS,0
Q8WXR4-6,ERRPSVTHLLDHPFIKGVHGKVLFLQKQLAKVLQDQK,1
Q7Z5J4-2,SEGRLPNCRATKKLLDNSHLPATFKVSSSPQKEGRVS,1
A0A096LP49-2,KREKTPKLPSPRRAAKDKHKDEDSELVGVYAWRKGQA,0
O14529,QDEPDLDPSGGPGILPPGHSHPDPTPQSPDSETEDQK,0
P42345,TAMAGESYSRAYGAMVSCHMLSELEEVIQYKLVPERR,1
Q96RL7-4,ALRRNYLPALKVEYNTSAHQSSFRIQIYRIQIQNQIH,0
Q5S007,TRRILLPKNVIVECMVATHHNSRNASIWLGCGHTDRG,0
Q8IZ20-2,RGDQVFSACRPLPDMVDAHGPSCASWLCPLPLAPGRS,0
P18583-2,CKQIAQSKEDDDVIVNKPHVSDEEEEEPPFYHHPFKL,1
Q9H4H8-2,NLNKERQFHFAGIRSRLNHMLAMLSRRTLFTENHLGL,1
Q9C0D2,KELVLSKPCKFEEKVSSEHFIQSHHGDLQALQQQLDT,0
O75592-2,PRRRVNSGDTEVGSSLLRHPSPELSRLISAHSSLSKG,0
Q14315-2,PNGDGTFRCSYVPTKPIKHTIIISWGGVNVPKSPFRV,0
Q32MZ4-3,DSNSLENDDLSAPGREPGHFNPESREDTRGGNEKGKS,0
Q8N205-2,LLVGAMFLLPASGGPCCSHARIPRTPYLVLSYVNGLP,0
P05067-10,KYVRAEQKDRQHTLKHFEHVRMVDPKKAAQIRSQVMT,1
P47897-2,RLSFLVSYIATALEYVRSHPLDPIDTVDFERECGVGV,0
Q13485,YVDPSGGDRFCLGQLSNVHRTEAIERARLHIGKGVQL,0
Q5VT06,EPIKEFQKEAEKFLPLFGHIGGTQSKGPWEELAKGSP,0
Q5JS13-2,KGNVYKFQTGSRFHAILWHKHLDDACKSNRPQEAGAA,1
Q6P7N7,RGVISTDDEVFKPFQANSHFVKFKYAQEYDSGTYRCD,1
Q8NHM5-5,KRPTVVDLVDWVDNMWPQHLKEKQTEATNAIAEMKYP,1
Q14671-4,VEDFSNMESQSVPLDPMEHVGMEPLQFDYSGTQVPVD,0
Q9UKX2,ELEEAKKKLAQRLQAAEEHVEAVNAKCASLEKTKQRL,1
Q9NR09,ANLLQTCAALLMSPYCGMHSPNIEVVLVKIGLQSTRI,0
Q96II8-3,QNSRQREEELELIDQLRKHIEYRLKVSLPCDLGAALT,0
Q14738-3,LPLKEEHKMFLIRVLLPLHKVKSLSVYHPQLAYCVVQ,1
Q63HK3,KEMIPVPRLKRIAISAKEHISLVEEEEAAEDSDDDEI,0
Q9Y4A5-2,DPGPIRATAPMWRCSRIMHMQRELHPTLLSSLEGIVD,0
O43149,SDMDLCKTCFLGGVKPEGHGDDHEMVNMEFTCDHCQG,0
O76024,STAEEELCRLKLLAKHPCHIKKFDRYKFEITVGMPFS,1
Q7Z388,CLAAVTSGMMYALYLSAYHERKFWFSNRQELEREITF,0
Q99996-5,KAELRNDSLLQTLSPDSEHVTLKRIYGKYLRAESFRK,1
Q92547,EAGFKRLLQSGGAKVLPGHSVPLFKEATHLFSDLNKL,0
Q14315-2,ALPTGDASKCLVTVSIGGHGLGACLGPRIQIGQETVI,0
P11245,LDQIRREQYITNKEFLNSHLLPKKKHQKIYLFTLEPR,1
Q14689-5,LSWLVIDGKHLAKPPKDWHPLAQDTGTGTAYIEYKTS,0
Q01954,KDQCLNCPDAITKKEDSTHLSDSSSYNIVTKFERTQL,0
Q9H2K2,LRKGANINEKTKEFLTPLHVASEKAHNDVVEVVVKHE,1
P42345,EVKRALEWLGADRNEGRRHAAVLVLRELAISVPTFFF,0
Q6ZS81-5,ELRQARFLLQDIALEIFFHNGYSKFLVFYNNDRSKAF,0
Q9Y2E4,EEDSFQWMSRVLQAIDSIHQVGVYCLALVPANTLPKT,0
Q12809-6,EYGAAVLFLLMCTFALIAHWLACIWYAIGNMEQPHMD,0
O43283-5,IPSAEPVGRSPDLSKSPAHNPLLENAQSSEKTEENEF,1
P45452,SKDPGALMFPIYTYTGKSHFMLPDDDVQGIQSLYGPG,0
Q9NR09,GAGAAGVSEWLVLRDGCMHCDADGLHSLSYHPALNAI,0
Q8WZ42-3,VEGGSVVFGCQVGGNPKPHVYWKKSGVPLTTGYRYKV,0
Q8TEU7-6,FVFKELLFRTEQEKSGVPHIPKIAEKKSNRHSIQHVP,1
Q96RL7-4,YWMVNKTGRMLQYKADGIHRKHPPNYKKPVLFSFQPN,1
P78330,LIQPSREQVQRLIAEQPPHLTPGIRELVSRLQERNVQ,1
Q9H013-2,HELIIPQWKTSESPVREKHPLKAELRVMAEGRELILD,1
O60256-4,AVIHGEAQDAESDLVDGRHSPPMVRSVAAIHPSLEIP,1
Q14683,VLGEKTSNLRVKTLRDLIHGAPVGKPAANRAFVSMVY,1
O95396,RDEILRYSRQLVLPELGVHGQLRLGTACVLIVGCGGL,0
Q9UQ35,RHASSSPESPKPAPAPGSHREISSSPTSKNRSHGRAK,0
Q96RT8-2,AKDLDQLIKIHYRYLSTIHDRCLLREKVSFVKEAIMK,1
Q2PPJ7-3,QERAPELDGGGPTEQDKSHSNSSTLSDRRLSNSSLCS,0
Q9NR09,EEICNGGMRPVVRLPSLKHQSNKGYSLASLLAKVAAG,1
O15062,YACLKCGKRFSQSSHLYKHSKTTCLRWQSSNLPSTLL,1
Q9Y6J0-2,ELVQQMEGRRDSMLETAKHCFTSAARCEGDGDEEEWL,0
Q8IVF2-3,SLQTSVVAPGEAPSEDADHEGKGSPLKMPKIKLPSFR,0
Q9Y6V0-6,PKPVIPQLPTTTQKPTDIHPKPTGLSLTSSMTLNLVT,1
P47897-2,LKWADGKMIKNEVDMQVLHLLGPKLEADLEKKFKVAK,1
Q13617,LREIKNDRGGEDPNQKVIHGVINSFVHVEQYKKKFPL,1
Q5JSZ5-5,APSASMPGSHLPPLYLDGHVFASQPRLVPQTIPQQQS,0
Q12770-3,AICLWDVLTGSRVSHVFAHRGDVTSLTCTTSCVISSG,1
O75592-2,LAVGGPEKDTICELCGESHPYPVTYHMRQAHPGCGRY,0
P20929-4,DREYKKDYEKTKSKYNTPHDMFNVVAAKKAQDVVSNV,0
H7BZ55,LAALRQELQGVEESREGLHREAQEARRALSDEAREKD,0
Q9BZF3-2,EIIEGLKIGQTNVQKPDKHEGFMLKKRKWPLKGWHKR,1
O75533,GKTPIGTPAMNMATPTPGHIMSMTPEQLQAWRWEREI,0
Q6ZN84-3,QNQKNAAYNLGVAEAIRNHKNEKPEFYKSFLFDKRPL,1
Q7Z7A1-2,QPPPASGYWVYSPIRSGLHKLFPSRDADSGGDSQEES,0
O75533,LMGCAILPHLRSLVEIIEHGLVDEQQKVRTISALAIA,0
Q9UGC7-4,GGVHRVQRVPKTEKQGRVHTSTMTVAILPQPTEINLV,1
Q9Y473,LDADRTKKDEQNQIQPMSHSAFFNKKTLNTESNCEYK,0
O14757-3,VDCPENIKKEICINKMLNHENVVKFYGHRREGNIQYL,1
Q5THK1-2,DSIVAQTQKLEDQKEERLHHPLRKDTESCTSPCLLGA,0
Q96SN8-4,CAAPREEKERETEAAQMEHQKERNSFEERIQALEEDL,0
O95684-2,QKEKGPTTGEGALDLSDVHSPPKSPEGKTSAQTTPSK,1
A0A096LP49-2,PNAQSSFSKSPWAMTERKHSSLERARSVHTWEPWSSS,0
Q96JI7-3,IQLKLIESQPWEDSLKDGHQLKQLLLKALTLMLDAAE,1
A6NHR9-2,VEVLDESDNITAQPKLIVHCKFSGAPNLPVYVVDCSS,0
Q8NF91-7,SLAPEVKQNTTASGCELMHTEMQALRADWKQWEDSVF,0
Q15413-3,AQDAKTSRLGPLKRKVILHQEGHMDDGLTLQRCQREE,1
O15350-10,PRRPQPRQFFNRIGVSKLHRVFHLPRVTEHLPPAEPD,1
O75747,QAVKFEWNLESPLVQLLLHRSLQSIQVAHRLYWLLKN,0
Q16513-4,XXXMIQMYSNGSSKDRKLHGTAQQLLQDSKTKIEVIR,1
Q68EM7-7,QNQPQAAAGSHQLSMGQPHNAAGPSPHTLRRAVKKPA,1
Q5JSZ5-5,RPAQPVRKGASQFMGNVYHPPTYHDMLPAFMCSPKSS,0
Q9NUL7,SPDAVTTITSSKLHCIMPHVKQTFLRLKGADKVAELV,1
Q96RT8-2,EPVRQQIHRMFLLRVKLMHFVNSLHNYIMTRILHSTG,0
Q9UL63-2,PMTGFTQRATIDPELNEIHVLSGLSKDKEKREENVRN,1
Q9P2D8-2,MECVRQYINEVLDFMADMHTLTKLKSHMKTCSQPLHE,0
P40938-2,MCILRELYGVGVEKLRIEHQTITTPSKKKIEISTIAS,0
C9J069,GLDQDGEAGRRAREVAFIHIQRELRLRGVFLRHEFPR,1
Q7L576,FSQEFQRDKQPNAQPQYLHGSKALNLAYSSIYGSYRN,0
Q15413-3,LKPGFRFSTPCFVVTGEDHQKQSPEIPLESLRTKALS,0
Q99435-4,TNQHNCDENALCFNTVGGHNCVCKPGYTGNGTTCKAF,0
P45452,KISELGLPKEVKKISAAVHFEDTGKTLLFSGNQVWRY,1
Q99435-4,STDLPLGTTFWLGQRNNAHGYFKGIMQDVQLLVMPQG,0
Q6ZRV2,SQSSSQGDNPLAPGYLPPHYKEYYRLAVDALAEGGSE,0
Q12888,RGSGEKPVSAPGDDTESLHSQGEEEFDMPQPPHGHVL,1
Q16401-2,QQAAELRLGPLFSLLNENHREKTTLCVSILERLLQAM,1
Q07157-2,KPDLSSKTPTSPKTLVKSHSLAQPPEFDSGVETFSIH,0
Q6IQ26-2,LSMEKKLLSRHLKQLLSDHELTKKLYKRYAFLRCDDE,1
Q8IZT6,ILLAFSRDFLSGEGDLSRHLGLLGLPVNHVQTPFDEF,0
Q9Y2K3,FGEKKRKKGASFQTVASLHKENLNKLMTNLKSTAPHF,1
Q8NB25-4,AKMELERSIDISRRQSKEHICRITDLQEELRHREHHI,1
Q5T1R4-2,LRSKQKVSKETYTMATAPHPEAGRLVPSSSRKPRMTE,0
Q8WZ42-3,ARIDVTPVGSKLEIRNAAHEDGGIYSLTVENPAGSKT,0
Q68DN1,RIKKTNSTFNGISQEVIQHMPVSCAGGQLPVLVKSES,0
Q9UPN6,FDEREHRVLPVYGGPKGLHEERGRFRSGNYRFDPRSG,1
Q13613-2,GYESESAYPNAELVFLEIHNIHVMRESLRKLKEIVYP,1
Q8IVF4,PAKESVWQYFVNKSANNLHIVLGMSPVGDTLRTWCRN,0
P08922,NLIRFWVELQKWKYNEFYHVKTSCSQGPAYVCNITNL,0
Q9Y4A5-2,QQLVSLVQKAVTAIMTRLHNLAQFEGGESKVNTLVAA,0
Q86WK7,NRLVHLDEHAFHGLRALSHLYLGCNELASFSFDHLHG,0
O75342,PVLLEHRKEEIRAKQDFYHWRVFLPGLPSYVHIPSYR,1
Q14997-3,STQRCVAEIIAGLIRGSKHWTFEKVEKLWELLCPLLR,0
Q68D10-3,PSQKESVGTKLSKGSGDRHPSSKGMPLPHAEKKSRPS,1
Q5SRE5-2,QHGAHGNNLIAVLAKYIYHKHDPALPRLAIQLLKRLA,1
P01133-2,DRVRLQGSMLKPSSLVVVHPLAKPGADPCLYQNGGCE,1
Q9H3S7,VATQAPLPGTAADFWLMVHEQKVSVIVMLVSEAEMEK,0
P20929-4,AEMEKANFTSVVDTPEIIHAQQVKNLSSQKKYKEDAE,0
Q99640-2,LLDSSLSSNWDDDSLGPGHPPCLACPPAGLHSPLRLS,0
Q99570,LQTLKYCDSKLAALELILHLAPRLSVEILLDRITPYL,1
Q96RW7-2,SDGLSCQDINECQESSPCHQRCFNAIGSFHCGCEPGY,0
P78396-3,FVYITDDTYTKRQLLKMEHLLLKVLAFDLTVPTTNQF,1
Q96I24,QGQSAPVGMKAEGFVDALHRVRQIAAKIDSIPHLNNS,1
Q15413-3,KRAVVACFRMAPLYNLPRHRSINLFLHGYQRFWIETE,0
Q2YD98,EEVSDPTSAAAQLRQLRDHLPPPSSASPSRALPEPQE,0
H7BZ55,ILEEAQAALQQEASALRAHLWELEQAGGDARQELREL,0
Q8N8Z3,SSRWDKDPPGERRPQQSQHWRARDHGARGCGPRQPTA,1
Q15413-3,LLMINGLGDIMNNKVFYQHPNLMRVLGMHETVMEVMV,0
O43149,ATWVLSLALKGLYKTLKAHGFEEIRATFLQTDLLKLL,0
Q13075-2,SDLATDHLLGCDLSIASKHISKPVQEPLVLPEVFGNL,0
Q8IWX7-2,KEEALVLDTKKDLKQITSHLLDMLVSKKVSGQGRDQA,1
O75747,AHQISLNEFTSKSRELSWHQVSKAPAIGFSPSVLPKP,1
O94913,STRKRSRSRSPKSRSPIIHSPKRRDRRSPKRRQRSMS,1
Q96N23-2,QQILLPEKINEQLALLETHLLKLTKQYVTSELSGGED,1
Q6ZMW3-2,HSQRLYLGHDDDILSLTIHPVKDYVATGQVGRDAAIH,0
Q5VT06,EILVHNAAEELWKWKELGHDLHSISIPTKLLGCASKG,0
Q9H972-2,DLRQGKVSIPDEDGESRAHSSPPEEPGPLKESPGEAF,0
Q96Q42-3,SLRTEVWTWGKGKEGQLGHGDVLPRLQPLCVKCLDGK,1
Q76B58-2,IACNSEGEFICKENDCWCHCGPKFPECNCPSMDIQAM,0
Q8N139,TKPTAGEVELKGCSSVLGHLGYCPQENVLWPMLTLRE,0
Q9HBI1-3,TEMMMGRFERDAFDTLFDHAPDKLSVVKKSLITFVNK,1
P06732,LGTGLRGGVHVKLAHLSKHPKFEEILTRLRLQKRGTG,1
O94933,MGEALLGSEQFAETPKENHSNYRTLLEKEKEWALAVS,1
Q68DN1,QMEESLEVPLKQTSQVIGHEESVELTSEARQHREVSM,0
Q9Y3B3-2,SENRVSALTQMESACVSIHEALKSVIDYQTHFRLREA,1
Q8WX92,LFDGFFLTASPRKENVHRHALRLLIHLHPRVAPSKLE,1
Q15884-2,AGRPRAERRPRRVEAERPHSLIGVIRETVLXXXXXXX,1
Q8TER5-2,GLEVTSTEVVDRTCSPREHVLLGRARGPDGPWGVGTP,1
Q96RW7-2,PPPQINWLKNGLPLPLSSHIRLLAAGQVIRIVRAQVS,0
Q14315-2,GVPQVIAPEEIVDPNVDEHSVMTYLSQFPKAKLKPGA,0
Q63HR2-5,KGCPSEPYFGSLSALVSQHSISPISLPCCLRIPSKDP,0
P20929-4,QLSDLNYKAKHEGEKFKCHIPADAPQFIQHRVNAYNL,1
Q8TDI0,IRSGKKVFRMKKEVQIKFHVLLTSYELITIDQAILGS,0
